{"type":"FeatureCollection","features":[{"type":"Feature","geometry":{"type":"Point","coordinates":[21.0067249,52.2319581]},"properties":{"icon":"p-ipopema-towarzystwo-funduszy-inwestycyjnych-sa","name":"Ipopema Towarzystwo Funduszy Inwestycyjnych S.A.","slug":"ipopema-towarzystwo-funduszy-inwestycyjnych-sa","cls":"neutral","country":"PL","tier":"register","kind":"organization","city":"Warsaw","aumM":null,"sort":-8450,"prec":"city","mock":false}},{"type":"Feature","geometry":{"type":"Point","coordinates":[21.0067249,52.2319581]},"properties":{"icon":"p-agiofunds-towarzystwo-funduszy-inwestycyjnych-sa","name":"AgioFunds Towarzystwo Funduszy Inwestycyjnych S.A.","slug":"agiofunds-towarzystwo-funduszy-inwestycyjnych-sa","cls":"neutral","country":"PL","tier":"register","kind":"organization","city":"Warsaw","aumM":null,"sort":-8100,"prec":"city","mock":false}},{"type":"Feature","geometry":{"type":"Point","coordinates":[21.0067249,52.2319581]},"properties":{"icon":"p-white-berg-towarzystwo-funduszy-inwestycyjnych-sa","name":"White Berg Towarzystwo Funduszy Inwestycyjnych S.A.","slug":"white-berg-towarzystwo-funduszy-inwestycyjnych-sa","cls":"neutral","country":"PL","tier":"register","kind":"organization","city":"Warsaw","aumM":null,"sort":-7950,"prec":"city","mock":false}},{"type":"Feature","geometry":{"type":"Point","coordinates":[21.0067249,52.2319581]},"properties":{"icon":"p-rockbridge-towarzystwo-funduszy-inwestycyjnych-sa","name":"Rockbridge Towarzystwo Funduszy Inwestycyjnych S.A.","slug":"rockbridge-towarzystwo-funduszy-inwestycyjnych-sa","cls":"neutral","country":"PL","tier":"register","kind":"organization","city":"Warsaw","aumM":null,"sort":-7800,"prec":"city","mock":false}},{"type":"Feature","geometry":{"type":"Point","coordinates":[21.0067249,52.2319581]},"properties":{"icon":"p-pko-towarzystwo-funduszy-inwestycyjnych-sa","name":"PKO Towarzystwo Funduszy Inwestycyjnych S.A.","slug":"pko-towarzystwo-funduszy-inwestycyjnych-sa","cls":"neutral","country":"PL","tier":"register","kind":"organization","city":"Warsaw","aumM":null,"sort":-7750,"prec":"city","mock":false}},{"type":"Feature","geometry":{"type":"Point","coordinates":[21.0067249,52.2319581]},"properties":{"icon":"p-towarzystwo-funduszy-inwestycyjnych-pzu-sa","name":"Towarzystwo Funduszy Inwestycyjnych PZU S.A.","slug":"towarzystwo-funduszy-inwestycyjnych-pzu-sa","cls":"neutral","country":"PL","tier":"register","kind":"organization","city":"Warsaw","aumM":null,"sort":-7600,"prec":"city","mock":false}},{"type":"Feature","geometry":{"type":"Point","coordinates":[21.0067249,52.2319581]},"properties":{"icon":"p-copernicus-capital-towarzystwo-funduszy-inwestycyjnych-sa-2","name":"Copernicus Capital Towarzystwo Funduszy Inwestycyjnych S.A.","slug":"copernicus-capital-towarzystwo-funduszy-inwestycyjnych-sa-2","cls":"neutral","country":"PL","tier":"register","kind":"organization","city":"Warsaw","aumM":null,"sort":-7450,"prec":"city","mock":false}},{"type":"Feature","geometry":{"type":"Point","coordinates":[21.0067249,52.2319581]},"properties":{"icon":"p-esaliens-towarzystwo-funduszy-inwestycyjnych-sa","name":"Esaliens Towarzystwo Funduszy Inwestycyjnych S.A.","slug":"esaliens-towarzystwo-funduszy-inwestycyjnych-sa","cls":"neutral","country":"PL","tier":"register","kind":"organization","city":"Warsaw","aumM":null,"sort":-7400,"prec":"city","mock":false}},{"type":"Feature","geometry":{"type":"Point","coordinates":[21.0067249,52.2319581]},"properties":{"icon":"p-bps-towarzystwo-funduszy-inwestycyjnych-sa","name":"BPS Towarzystwo Funduszy Inwestycyjnych S.A.","slug":"bps-towarzystwo-funduszy-inwestycyjnych-sa","cls":"neutral","country":"PL","tier":"register","kind":"organization","city":"Warsaw","aumM":null,"sort":-7300,"prec":"city","mock":false}},{"type":"Feature","geometry":{"type":"Point","coordinates":[21.0067249,52.2319581]},"properties":{"icon":"p-towarzystwo-funduszy-inwestycyjnych-allianz-polska-sa","name":"Towarzystwo Funduszy Inwestycyjnych Allianz Polska S.A.","slug":"towarzystwo-funduszy-inwestycyjnych-allianz-polska-sa","cls":"neutral","country":"PL","tier":"register","kind":"organization","city":"Warsaw","aumM":null,"sort":-7300,"prec":"city","mock":false}},{"type":"Feature","geometry":{"type":"Point","coordinates":[21.0067249,52.2319581]},"properties":{"icon":"p-mount-towarzystwo-funduszy-inwestycyjnych-sa","name":"MOUNT Towarzystwo Funduszy Inwestycyjnych S.A.","slug":"mount-towarzystwo-funduszy-inwestycyjnych-sa","cls":"neutral","country":"PL","tier":"register","kind":"organization","city":"Warsaw","aumM":null,"sort":-7300,"prec":"city","mock":false}},{"type":"Feature","geometry":{"type":"Point","coordinates":[21.0067249,52.2319581]},"properties":{"icon":"p-pfr-towarzystwo-funduszy-inwestycyjnych-sa","name":"PFR Towarzystwo Funduszy Inwestycyjnych S.A.","slug":"pfr-towarzystwo-funduszy-inwestycyjnych-sa","cls":"neutral","country":"PL","tier":"register","kind":"organization","city":"Warsaw","aumM":null,"sort":-7250,"prec":"city","mock":false}},{"type":"Feature","geometry":{"type":"Point","coordinates":[21.0067249,52.2319581]},"properties":{"icon":"p-pekao-towarzystwo-funduszy-inwestycyjnych-sa","name":"Pekao Towarzystwo Funduszy Inwestycyjnych S.A.","slug":"pekao-towarzystwo-funduszy-inwestycyjnych-sa","cls":"neutral","country":"PL","tier":"register","kind":"organization","city":"Warsaw","aumM":null,"sort":-7250,"prec":"city","mock":false}},{"type":"Feature","geometry":{"type":"Point","coordinates":[21.0067249,52.2319581]},"properties":{"icon":"p-opera-towarzystwo-funduszy-inwestycyjnych-sa","name":"OPERA Towarzystwo Funduszy Inwestycyjnych S.A.","slug":"opera-towarzystwo-funduszy-inwestycyjnych-sa","cls":"neutral","country":"PL","tier":"register","kind":"organization","city":"Warsaw","aumM":null,"sort":-7250,"prec":"city","mock":false}},{"type":"Feature","geometry":{"type":"Point","coordinates":[21.0067249,52.2319581]},"properties":{"icon":"p-generali-investments-towarzystwo-funduszy-inwestycyjnych-sa","name":"Generali Investments Towarzystwo Funduszy Inwestycyjnych S.A.","slug":"generali-investments-towarzystwo-funduszy-inwestycyjnych-sa","cls":"neutral","country":"PL","tier":"register","kind":"organization","city":"Warsaw","aumM":null,"sort":-7200,"prec":"city","mock":false}},{"type":"Feature","geometry":{"type":"Point","coordinates":[21.0067249,52.2319581]},"properties":{"icon":"p-quercus-towarzystwo-funduszy-inwestycyjnych-sa","name":"Quercus Towarzystwo Funduszy Inwestycyjnych S.A.","slug":"quercus-towarzystwo-funduszy-inwestycyjnych-sa","cls":"neutral","country":"PL","tier":"register","kind":"organization","city":"Warsaw","aumM":null,"sort":-7200,"prec":"city","mock":false}},{"type":"Feature","geometry":{"type":"Point","coordinates":[21.0067249,52.2319581]},"properties":{"icon":"p-tyr-towarzystwo-funduszy-inwestycyjnych-sa","name":"TYR Towarzystwo Funduszy Inwestycyjnych S.A.","slug":"tyr-towarzystwo-funduszy-inwestycyjnych-sa","cls":"neutral","country":"PL","tier":"register","kind":"organization","city":"Warsaw","aumM":null,"sort":-7150,"prec":"city","mock":false}},{"type":"Feature","geometry":{"type":"Point","coordinates":[21.0067249,52.2319581]},"properties":{"icon":"p-allied-funds-towarzystwo-funduszy-inwestycyjnych-sa","name":"Allied Funds Towarzystwo Funduszy Inwestycyjnych S.A.","slug":"allied-funds-towarzystwo-funduszy-inwestycyjnych-sa","cls":"neutral","country":"PL","tier":"register","kind":"organization","city":"Warsaw","aumM":null,"sort":-7150,"prec":"city","mock":false}},{"type":"Feature","geometry":{"type":"Point","coordinates":[21.0067249,52.2319581]},"properties":{"icon":"p-skarbiec-towarzystwo-funduszy-inwestycyjnych-sa","name":"SKARBIEC Towarzystwo Funduszy Inwestycyjnych S.A.","slug":"skarbiec-towarzystwo-funduszy-inwestycyjnych-sa","cls":"neutral","country":"PL","tier":"register","kind":"organization","city":"Warsaw","aumM":null,"sort":-7150,"prec":"city","mock":false}},{"type":"Feature","geometry":{"type":"Point","coordinates":[21.0067249,52.2319581]},"properties":{"icon":"p-mm-prime-towarzystwo-funduszy-inwestycyjnych-sa","name":"MM Prime Towarzystwo Funduszy Inwestycyjnych S.A.","slug":"mm-prime-towarzystwo-funduszy-inwestycyjnych-sa","cls":"neutral","country":"PL","tier":"register","kind":"organization","city":"Warsaw","aumM":null,"sort":-7150,"prec":"city","mock":false}},{"type":"Feature","geometry":{"type":"Point","coordinates":[21.0067249,52.2319581]},"properties":{"icon":"p-intrum-towarzystwo-funduszy-inwestycyjnych-sa","name":"Intrum Towarzystwo Funduszy Inwestycyjnych S.A.","slug":"intrum-towarzystwo-funduszy-inwestycyjnych-sa","cls":"neutral","country":"PL","tier":"register","kind":"organization","city":"Warsaw","aumM":null,"sort":-7150,"prec":"city","mock":false}},{"type":"Feature","geometry":{"type":"Point","coordinates":[21.0067249,52.2319581]},"properties":{"icon":"p-bnp-paribas-towarzystwo-funduszy-inwestycyjnych-sa","name":"BNP Paribas Towarzystwo Funduszy Inwestycyjnych S.A.","slug":"bnp-paribas-towarzystwo-funduszy-inwestycyjnych-sa","cls":"neutral","country":"PL","tier":"register","kind":"organization","city":"Warsaw","aumM":null,"sort":-7150,"prec":"city","mock":false}},{"type":"Feature","geometry":{"type":"Point","coordinates":[21.0067249,52.2319581]},"properties":{"icon":"p-velofunds-towarzystwo-funduszy-inwestycyjnych-sa","name":"VeloFunds Towarzystwo Funduszy Inwestycyjnych S.A.","slug":"velofunds-towarzystwo-funduszy-inwestycyjnych-sa","cls":"neutral","country":"PL","tier":"register","kind":"organization","city":"Warsaw","aumM":null,"sort":-7150,"prec":"city","mock":false}},{"type":"Feature","geometry":{"type":"Point","coordinates":[21.0067249,52.2319581]},"properties":{"icon":"p-superfund-towarzystwo-funduszy-inwestycyjnych-sa","name":"Superfund Towarzystwo Funduszy Inwestycyjnych S.A.","slug":"superfund-towarzystwo-funduszy-inwestycyjnych-sa","cls":"neutral","country":"PL","tier":"register","kind":"organization","city":"Warsaw","aumM":null,"sort":-7150,"prec":"city","mock":false}},{"type":"Feature","geometry":{"type":"Point","coordinates":[21.0067249,52.2319581]},"properties":{"icon":"p-mtowarzystwo-funduszy-inwestycyjnych-sa","name":"mTowarzystwo Funduszy Inwestycyjnych S.A.","slug":"mtowarzystwo-funduszy-inwestycyjnych-sa","cls":"neutral","country":"PL","tier":"register","kind":"organization","city":"Warsaw","aumM":null,"sort":-7100,"prec":"city","mock":false}},{"type":"Feature","geometry":{"type":"Point","coordinates":[21.0067249,52.2319581]},"properties":{"icon":"p-ing-towarzystwo-funduszy-inwestycyjnych-sa","name":"ING Towarzystwo Funduszy Inwestycyjnych S.A.","slug":"ing-towarzystwo-funduszy-inwestycyjnych-sa","cls":"neutral","country":"PL","tier":"register","kind":"organization","city":"Warsaw","aumM":null,"sort":-7100,"prec":"city","mock":false}},{"type":"Feature","geometry":{"type":"Point","coordinates":[21.0067249,52.2319581]},"properties":{"icon":"p-investors-towarzystwo-funduszy-inwestycyjnych-sa","name":"Investors Towarzystwo Funduszy Inwestycyjnych S.A.","slug":"investors-towarzystwo-funduszy-inwestycyjnych-sa","cls":"neutral","country":"PL","tier":"register","kind":"organization","city":"Warsaw","aumM":null,"sort":-7100,"prec":"city","mock":false}},{"type":"Feature","geometry":{"type":"Point","coordinates":[21.0067249,52.2319581]},"properties":{"icon":"p-uniqa-towarzystwo-funduszy-inwestycyjnych-sa","name":"Uniqa Towarzystwo Funduszy Inwestycyjnych S.A.","slug":"uniqa-towarzystwo-funduszy-inwestycyjnych-sa","cls":"neutral","country":"PL","tier":"register","kind":"organization","city":"Warsaw","aumM":null,"sort":-7100,"prec":"city","mock":false}},{"type":"Feature","geometry":{"type":"Point","coordinates":[21.0067249,52.2319581]},"properties":{"icon":"p-ib-towarzystwo-funduszy-inwestycyjnych-sa","name":"IB Towarzystwo Funduszy Inwestycyjnych S.A.","slug":"ib-towarzystwo-funduszy-inwestycyjnych-sa","cls":"neutral","country":"PL","tier":"register","kind":"organization","city":"Warsaw","aumM":null,"sort":-7100,"prec":"city","mock":false}},{"type":"Feature","geometry":{"type":"Point","coordinates":[21.0067249,52.2319581]},"properties":{"icon":"p-towarzystwo-funduszy-inwestycyjnych-agro-sa","name":"Towarzystwo Funduszy Inwestycyjnych AGRO S.A.","slug":"towarzystwo-funduszy-inwestycyjnych-agro-sa","cls":"neutral","country":"PL","tier":"register","kind":"organization","city":"Warsaw","aumM":null,"sort":-7100,"prec":"city","mock":false}},{"type":"Feature","geometry":{"type":"Point","coordinates":[14.4212535,50.0874654]},"properties":{"icon":"p-penta-investments","name":"Penta Investments","slug":"penta-investments","cls":"neutral","country":"CZ","tier":"monitored","kind":"organization","city":"Prague","aumM":null,"sort":-7150,"prec":"city","mock":false}},{"type":"Feature","geometry":{"type":"Point","coordinates":[14.4212535,50.0874654]},"properties":{"icon":"p-arx-equity-partners","name":"ARX Equity Partners","slug":"arx-equity-partners","cls":"neutral","country":"CZ","tier":"monitored","kind":"organization","city":"Prague","aumM":null,"sort":-7150,"prec":"city","mock":false}},{"type":"Feature","geometry":{"type":"Point","coordinates":[14.4212535,50.0874654]},"properties":{"icon":"p-reflex-capital","name":"Reflex Capital","slug":"reflex-capital","cls":"neutral","country":"CZ","tier":"monitored","kind":"organization","city":"Prague","aumM":null,"sort":-7050,"prec":"city","mock":false}},{"type":"Feature","geometry":{"type":"Point","coordinates":[14.4212535,50.0874654]},"properties":{"icon":"p-tensor-ventures","name":"Tensor Ventures","slug":"tensor-ventures","cls":"neutral","country":"CZ","tier":"monitored","kind":"organization","city":"Prague","aumM":null,"sort":-7000,"prec":"city","mock":false}},{"type":"Feature","geometry":{"type":"Point","coordinates":[14.4212535,50.0874654]},"properties":{"icon":"p-rockaway-capital","name":"Rockaway Capital","slug":"rockaway-capital","cls":"neutral","country":"CZ","tier":"monitored","kind":"organization","city":"Prague","aumM":null,"sort":-7000,"prec":"city","mock":false}},{"type":"Feature","geometry":{"type":"Point","coordinates":[14.4212535,50.0874654]},"properties":{"icon":"p-soulmates-ventures","name":"Soulmates Ventures","slug":"soulmates-ventures","cls":"neutral","country":"CZ","tier":"monitored","kind":"organization","city":"Prague","aumM":null,"sort":-7000,"prec":"city","mock":false}},{"type":"Feature","geometry":{"type":"Point","coordinates":[14.4212535,50.0874654]},"properties":{"icon":"p-credo-ventures","name":"Credo Ventures","slug":"credo-ventures","cls":"neutral","country":"CZ","tier":"monitored","kind":"organization","city":"Prague","aumM":null,"sort":-7000,"prec":"city","mock":false}},{"type":"Feature","geometry":{"type":"Point","coordinates":[14.4212535,50.0874654]},"properties":{"icon":"p-rsj-investments","name":"RSJ Investments","slug":"rsj-investments","cls":"neutral","country":"CZ","tier":"monitored","kind":"organization","city":"Prague","aumM":null,"sort":-7000,"prec":"city","mock":false}},{"type":"Feature","geometry":{"type":"Point","coordinates":[14.4212535,50.0874654]},"properties":{"icon":"p-kinstellar","name":"Kinstellar","slug":"kinstellar","cls":"neutral","country":"CZ","tier":"monitored","kind":"organization","city":"Prague","aumM":null,"sort":-7000,"prec":"city","mock":false}},{"type":"Feature","geometry":{"type":"Point","coordinates":[14.4212535,50.0874654]},"properties":{"icon":"p-prk-partners","name":"PRK Partners","slug":"prk-partners","cls":"neutral","country":"CZ","tier":"monitored","kind":"organization","city":"Prague","aumM":null,"sort":-7000,"prec":"city","mock":false}},{"type":"Feature","geometry":{"type":"Point","coordinates":[14.4212535,50.0874654]},"properties":{"icon":"p-wood-company","name":"WOOD & Company","slug":"wood-company","cls":"neutral","country":"CZ","tier":"monitored","kind":"organization","city":"Prague","aumM":null,"sort":-7000,"prec":"city","mock":false}},{"type":"Feature","geometry":{"type":"Point","coordinates":[14.4212535,50.0874654]},"properties":{"icon":"p-ppf-group","name":"PPF Group","slug":"ppf-group","cls":"neutral","country":"CZ","tier":"monitored","kind":"organization","city":"Prague","aumM":null,"sort":-7000,"prec":"city","mock":false}},{"type":"Feature","geometry":{"type":"Point","coordinates":[14.4212535,50.0874654]},"properties":{"icon":"p-r2g","name":"R2G","slug":"r2g","cls":"neutral","country":"CZ","tier":"monitored","kind":"organization","city":"Prague","aumM":null,"sort":-7000,"prec":"city","mock":false}},{"type":"Feature","geometry":{"type":"Point","coordinates":[14.4212535,50.0874654]},"properties":{"icon":"p-aps-holding","name":"APS Holding","slug":"aps-holding","cls":"neutral","country":"CZ","tier":"monitored","kind":"organization","city":"Prague","aumM":null,"sort":-7000,"prec":"city","mock":false}},{"type":"Feature","geometry":{"type":"Point","coordinates":[14.4212535,50.0874654]},"properties":{"icon":"p-skils","name":"Skils","slug":"skils","cls":"neutral","country":"CZ","tier":"monitored","kind":"organization","city":"Prague","aumM":null,"sort":-7000,"prec":"city","mock":false}},{"type":"Feature","geometry":{"type":"Point","coordinates":[14.4212535,50.0874654]},"properties":{"icon":"p-patria-finance","name":"Patria Finance","slug":"patria-finance","cls":"neutral","country":"CZ","tier":"monitored","kind":"organization","city":"Prague","aumM":null,"sort":-7000,"prec":"city","mock":false}},{"type":"Feature","geometry":{"type":"Point","coordinates":[14.4212535,50.0874654]},"properties":{"icon":"p-cesk-spoitelna","name":"Česká spořitelna","slug":"cesk-spoitelna","cls":"neutral","country":"CZ","tier":"monitored","kind":"organization","city":"Prague","aumM":null,"sort":-7000,"prec":"city","mock":false}},{"type":"Feature","geometry":{"type":"Point","coordinates":[14.4212535,50.0874654]},"properties":{"icon":"p-emma-capital","name":"Emma Capital","slug":"emma-capital","cls":"neutral","country":"CZ","tier":"monitored","kind":"organization","city":"Prague","aumM":null,"sort":-7000,"prec":"city","mock":false}},{"type":"Feature","geometry":{"type":"Point","coordinates":[14.4212535,50.0874654]},"properties":{"icon":"p-csob","name":"ČSOB","slug":"csob","cls":"neutral","country":"CZ","tier":"monitored","kind":"organization","city":"Prague","aumM":null,"sort":-7000,"prec":"city","mock":false}},{"type":"Feature","geometry":{"type":"Point","coordinates":[14.4212535,50.0874654]},"properties":{"icon":"p-komercn-banka","name":"Komerční banka","slug":"komercn-banka","cls":"neutral","country":"CZ","tier":"monitored","kind":"organization","city":"Prague","aumM":null,"sort":-7000,"prec":"city","mock":false}},{"type":"Feature","geometry":{"type":"Point","coordinates":[14.4212535,50.0874654]},"properties":{"icon":"p-jt-ventures","name":"J&T Ventures","slug":"jt-ventures","cls":"neutral","country":"CZ","tier":"monitored","kind":"organization","city":"Prague","aumM":null,"sort":-7000,"prec":"city","mock":false}},{"type":"Feature","geometry":{"type":"Point","coordinates":[14.4212535,50.0874654]},"properties":{"icon":"p-presto-ventures","name":"Presto Ventures","slug":"presto-ventures","cls":"neutral","country":"CZ","tier":"monitored","kind":"organization","city":"Prague","aumM":null,"sort":-7000,"prec":"city","mock":false}},{"type":"Feature","geometry":{"type":"Point","coordinates":[14.4212535,50.0874654]},"properties":{"icon":"p-kaya-vc","name":"Kaya VC","slug":"kaya-vc","cls":"neutral","country":"CZ","tier":"monitored","kind":"organization","city":"Prague","aumM":null,"sort":-7000,"prec":"city","mock":false}},{"type":"Feature","geometry":{"type":"Point","coordinates":[14.4212535,50.0874654]},"properties":{"icon":"p-hartenberg-holding","name":"Hartenberg Holding","slug":"hartenberg-holding","cls":"neutral","country":"CZ","tier":"monitored","kind":"organization","city":"Prague","aumM":null,"sort":-7000,"prec":"city","mock":false}},{"type":"Feature","geometry":{"type":"Point","coordinates":[14.4212535,50.0874654]},"properties":{"icon":"p-havel-partners","name":"Havel & Partners","slug":"havel-partners","cls":"neutral","country":"CZ","tier":"monitored","kind":"organization","city":"Prague","aumM":null,"sort":-7000,"prec":"city","mock":false}},{"type":"Feature","geometry":{"type":"Point","coordinates":[14.4212535,50.0874654]},"properties":{"icon":"p-kkcg","name":"KKCG","slug":"kkcg","cls":"neutral","country":"CZ","tier":"monitored","kind":"organization","city":"Prague","aumM":null,"sort":-7000,"prec":"city","mock":false}},{"type":"Feature","geometry":{"type":"Point","coordinates":[14.4212535,50.0874654]},"properties":{"icon":"p-nrodn-rozvojov-banka","name":"Národní rozvojová banka","slug":"nrodn-rozvojov-banka","cls":"neutral","country":"CZ","tier":"monitored","kind":"organization","city":"Prague","aumM":null,"sort":-7000,"prec":"city","mock":false}},{"type":"Feature","geometry":{"type":"Point","coordinates":[14.4551595,50.1191317]},"properties":{"icon":"p-tiller-investicni-spolecnost-as","name":"TILLER investiční společnost a.s.","slug":"tiller-investicni-spolecnost-as","cls":"neutral","country":"CZ","tier":"register","kind":"organization","city":"Prague","aumM":null,"sort":-1150,"prec":"city","mock":false}},{"type":"Feature","geometry":{"type":"Point","coordinates":[14.4551595,50.1191317]},"properties":{"icon":"p-creditas-investicni-spolecnost-as","name":"CREDITAS investiční společnost a.s.","slug":"creditas-investicni-spolecnost-as","cls":"neutral","country":"CZ","tier":"register","kind":"organization","city":"Prague","aumM":null,"sort":-550,"prec":"city","mock":false}},{"type":"Feature","geometry":{"type":"Point","coordinates":[14.3839303,50.0519182]},"properties":{"icon":"p-moneco-investicni-spolecnost-as","name":"MONECO investiční společnost, a.s.","slug":"moneco-investicni-spolecnost-as","cls":"neutral","country":"CZ","tier":"register","kind":"organization","city":"Prague","aumM":null,"sort":-250,"prec":"city","mock":false}},{"type":"Feature","geometry":{"type":"Point","coordinates":[19.0402383,47.4978789]},"properties":{"icon":"p-lakatos-koves-partners","name":"Lakatos Köves & Partners","slug":"lakatos-koves-partners","cls":"neutral","country":"HU","tier":"monitored","kind":"organization","city":"Budapest","aumM":null,"sort":-7000,"prec":"city","mock":false}},{"type":"Feature","geometry":{"type":"Point","coordinates":[19.0402383,47.4978789]},"properties":{"icon":"p-portfolion-capital-partners","name":"PortfoLion Capital Partners","slug":"portfolion-capital-partners","cls":"neutral","country":"HU","tier":"monitored","kind":"organization","city":"Budapest","aumM":null,"sort":-7000,"prec":"city","mock":false}},{"type":"Feature","geometry":{"type":"Point","coordinates":[19.0402383,47.4978789]},"properties":{"icon":"p-szecskay","name":"Szecskay","slug":"szecskay","cls":"neutral","country":"HU","tier":"monitored","kind":"organization","city":"Budapest","aumM":null,"sort":-7000,"prec":"city","mock":false}},{"type":"Feature","geometry":{"type":"Point","coordinates":[19.0402383,47.4978789]},"properties":{"icon":"p-day-one-capital","name":"Day One Capital","slug":"day-one-capital","cls":"neutral","country":"HU","tier":"monitored","kind":"organization","city":"Budapest","aumM":null,"sort":-7000,"prec":"city","mock":false}},{"type":"Feature","geometry":{"type":"Point","coordinates":[19.0402383,47.4978789]},"properties":{"icon":"p-lead-ventures","name":"Lead Ventures","slug":"lead-ventures","cls":"neutral","country":"HU","tier":"monitored","kind":"organization","city":"Budapest","aumM":null,"sort":-7000,"prec":"city","mock":false}},{"type":"Feature","geometry":{"type":"Point","coordinates":[19.0402383,47.4978789]},"properties":{"icon":"p-otp-bank","name":"OTP Bank","slug":"otp-bank","cls":"neutral","country":"HU","tier":"monitored","kind":"organization","city":"Budapest","aumM":null,"sort":-7000,"prec":"city","mock":false}},{"type":"Feature","geometry":{"type":"Point","coordinates":[19.0402383,47.4978789]},"properties":{"icon":"p-oppenheim","name":"Oppenheim","slug":"oppenheim","cls":"neutral","country":"HU","tier":"monitored","kind":"organization","city":"Budapest","aumM":null,"sort":-7000,"prec":"city","mock":false}},{"type":"Feature","geometry":{"type":"Point","coordinates":[19.0402383,47.4978789]},"properties":{"icon":"p-adventum-group","name":"Adventum Group","slug":"adventum-group","cls":"neutral","country":"HU","tier":"monitored","kind":"organization","city":"Budapest","aumM":null,"sort":-7000,"prec":"city","mock":false}},{"type":"Feature","geometry":{"type":"Point","coordinates":[19.0402383,47.4978789]},"properties":{"icon":"p-mfb-magyar-fejlesztsi-bank","name":"MFB Magyar Fejlesztési Bank","slug":"mfb-magyar-fejlesztsi-bank","cls":"neutral","country":"HU","tier":"monitored","kind":"organization","city":"Budapest","aumM":null,"sort":-7000,"prec":"city","mock":false}},{"type":"Feature","geometry":{"type":"Point","coordinates":[19.0542227,47.4917855]},"properties":{"icon":"p-opus-global-befektetesi-alapkezelo-zartkoruen-mukodo-reszvenytarsasag","name":"OPUS GLOBAL Befektetési Alapkezelő Zártkörűen Működő Részvénytársaság","slug":"opus-global-befektetesi-alapkezelo-zartkoruen-mukodo-reszvenytarsasag","cls":"neutral","country":"HU","tier":"register","kind":"organization","city":"Budapest","aumM":null,"sort":-400,"prec":"rooftop","mock":false}},{"type":"Feature","geometry":{"type":"Point","coordinates":[19.0652514,47.5310054]},"properties":{"icon":"p-north-storm-i-ingatlanfejleszto-reszalap","name":"North Storm I Ingatlanfejlesztő Részalap","slug":"north-storm-i-ingatlanfejleszto-reszalap","cls":"neutral","country":"HU","tier":"register","kind":"organization","city":"Budapest","aumM":null,"sort":-50,"prec":"rooftop","mock":false}},{"type":"Feature","geometry":{"type":"Point","coordinates":[19.0652514,47.5310054]},"properties":{"icon":"p-north-storm-j-ingatlanfejleszto-reszalap","name":"North Storm J Ingatlanfejlesztő Részalap","slug":"north-storm-j-ingatlanfejleszto-reszalap","cls":"neutral","country":"HU","tier":"register","kind":"organization","city":"Budapest","aumM":null,"sort":-50,"prec":"rooftop","mock":false}},{"type":"Feature","geometry":{"type":"Point","coordinates":[19.0652514,47.5310054]},"properties":{"icon":"p-swindonside-magantokealap","name":"Swindonside Magántőkealap","slug":"swindonside-magantokealap","cls":"neutral","country":"HU","tier":"register","kind":"organization","city":"Budapest","aumM":null,"sort":-50,"prec":"rooftop","mock":false}},{"type":"Feature","geometry":{"type":"Point","coordinates":[19.0652514,47.5310054]},"properties":{"icon":"p-newhouse-magantokealap","name":"Newhouse Magántőkealap","slug":"newhouse-magantokealap","cls":"neutral","country":"HU","tier":"register","kind":"organization","city":"Budapest","aumM":null,"sort":-50,"prec":"rooftop","mock":false}},{"type":"Feature","geometry":{"type":"Point","coordinates":[19.0652514,47.5310054]},"properties":{"icon":"p-bepea-next-magantokealap","name":"Bepea Next Magántőkealap","slug":"bepea-next-magantokealap","cls":"neutral","country":"HU","tier":"register","kind":"organization","city":"Budapest","aumM":null,"sort":-50,"prec":"rooftop","mock":false}},{"type":"Feature","geometry":{"type":"Point","coordinates":[19.0652514,47.5310054]},"properties":{"icon":"p-middle-europe-convergence-ingatlanalap","name":"Middle-Europe Convergence Ingatlanalap","slug":"middle-europe-convergence-ingatlanalap","cls":"neutral","country":"HU","tier":"register","kind":"organization","city":"Budapest","aumM":null,"sort":-50,"prec":"rooftop","mock":false}},{"type":"Feature","geometry":{"type":"Point","coordinates":[19.0652514,47.5310054]},"properties":{"icon":"p-indotek-q-ingatlanalap","name":"Indotek-Q Ingatlanalap","slug":"indotek-q-ingatlanalap","cls":"neutral","country":"HU","tier":"register","kind":"organization","city":"Budapest","aumM":null,"sort":-50,"prec":"rooftop","mock":false}},{"type":"Feature","geometry":{"type":"Point","coordinates":[19.0652514,47.5310054]},"properties":{"icon":"p-structured-portfolio-alapok-alapja","name":"Structured Portfolio Alapok Alapja","slug":"structured-portfolio-alapok-alapja","cls":"neutral","country":"HU","tier":"register","kind":"organization","city":"Budapest","aumM":null,"sort":-50,"prec":"rooftop","mock":false}},{"type":"Feature","geometry":{"type":"Point","coordinates":[19.0652514,47.5310054]},"properties":{"icon":"p-reoco-value-added-ingatlanalap","name":"Reoco Value Added Ingatlanalap","slug":"reoco-value-added-ingatlanalap","cls":"neutral","country":"HU","tier":"register","kind":"organization","city":"Budapest","aumM":null,"sort":-50,"prec":"rooftop","mock":false}},{"type":"Feature","geometry":{"type":"Point","coordinates":[19.0652514,47.5310054]},"properties":{"icon":"p-donata-alapok-alapja","name":"Donata Alapok Alapja","slug":"donata-alapok-alapja","cls":"neutral","country":"HU","tier":"register","kind":"organization","city":"Budapest","aumM":null,"sort":-50,"prec":"rooftop","mock":false}},{"type":"Feature","geometry":{"type":"Point","coordinates":[19.0652514,47.5310054]},"properties":{"icon":"p-redstone-ingatlanalap","name":"Redstone Ingatlanalap","slug":"redstone-ingatlanalap","cls":"neutral","country":"HU","tier":"register","kind":"organization","city":"Budapest","aumM":null,"sort":-50,"prec":"rooftop","mock":false}},{"type":"Feature","geometry":{"type":"Point","coordinates":[19.0652514,47.5310054]},"properties":{"icon":"p-sakura-magantokealap","name":"Sakura Magántőkealap","slug":"sakura-magantokealap","cls":"neutral","country":"HU","tier":"register","kind":"organization","city":"Budapest","aumM":null,"sort":-50,"prec":"rooftop","mock":false}},{"type":"Feature","geometry":{"type":"Point","coordinates":[19.0652514,47.5310054]},"properties":{"icon":"p-reconcept-turn-around-magantokealap","name":"Reconcept Turn-Around Magántőkealap","slug":"reconcept-turn-around-magantokealap","cls":"neutral","country":"HU","tier":"register","kind":"organization","city":"Budapest","aumM":null,"sort":-50,"prec":"rooftop","mock":false}},{"type":"Feature","geometry":{"type":"Point","coordinates":[19.0713951,47.4720704]},"properties":{"icon":"p-kh-kettos-kosar-szarmaztatott-zartvegu-ertekpapir-befektetesi-alap","name":"K&H KETTŐS KOSÁR SZÁRMAZTATOTT ZÁRTVÉGŰ ÉRTÉKPAPÍR BEFEKTETÉSI ALAP","slug":"kh-kettos-kosar-szarmaztatott-zartvegu-ertekpapir-befektetesi-alap","cls":"neutral","country":"HU","tier":"register","kind":"organization","city":"Budapest","aumM":null,"sort":0,"prec":"rooftop","mock":false}},{"type":"Feature","geometry":{"type":"Point","coordinates":[19.0713951,47.4720704]},"properties":{"icon":"p-kh-plusz-elelmiszer-szarmaztatott-nyiltvegu-befektetesi-alap","name":"K&H PLUSZ ÉLELMISZER SZÁRMAZTATOTT NYÍLTVÉGŰ BEFEKTETÉSI ALAP","slug":"kh-plusz-elelmiszer-szarmaztatott-nyiltvegu-befektetesi-alap","cls":"neutral","country":"HU","tier":"register","kind":"organization","city":"Budapest","aumM":null,"sort":0,"prec":"rooftop","mock":false}},{"type":"Feature","geometry":{"type":"Point","coordinates":[19.0647907,47.5250066]},"properties":{"icon":"p-otp-agrarpiaci-trend-fix-ii-nyiltvegu-alap","name":"OTP Agrárpiaci Trend Fix II. Nyíltvégű Alap","slug":"otp-agrarpiaci-trend-fix-ii-nyiltvegu-alap","cls":"neutral","country":"HU","tier":"register","kind":"organization","city":"Budapest","aumM":null,"sort":0,"prec":"rooftop","mock":false}},{"type":"Feature","geometry":{"type":"Point","coordinates":[19.0713951,47.4720704]},"properties":{"icon":"p-kh-fix-plusz-vilagcegek-szarmaztatott-zartvegu-ertekpapir-befektetesi-alap","name":"K&H FIX PLUSZ VILÁGCÉGEK SZÁRMAZTATOTT ZÁRTVÉGŰ ÉRTÉKPAPÍR BEFEKTETÉSI ALAP","slug":"kh-fix-plusz-vilagcegek-szarmaztatott-zartvegu-ertekpapir-befektetesi-alap","cls":"neutral","country":"HU","tier":"register","kind":"organization","city":"Budapest","aumM":null,"sort":0,"prec":"rooftop","mock":false}},{"type":"Feature","geometry":{"type":"Point","coordinates":[19.0713951,47.4720704]},"properties":{"icon":"p-kh-fix-plusz-rajna-alap","name":"K&H FIX PLUSZ RAJNA ALAP","slug":"kh-fix-plusz-rajna-alap","cls":"neutral","country":"HU","tier":"register","kind":"organization","city":"Budapest","aumM":null,"sort":0,"prec":"rooftop","mock":false}},{"type":"Feature","geometry":{"type":"Point","coordinates":[19.0647907,47.5250066]},"properties":{"icon":"p-otp-feltorekvo-piaci-trend-fix-i-nyiltvegu-alap","name":"OTP Feltörekvő Piaci Trend Fix I. Nyíltvégű Alap","slug":"otp-feltorekvo-piaci-trend-fix-i-nyiltvegu-alap","cls":"neutral","country":"HU","tier":"register","kind":"organization","city":"Budapest","aumM":null,"sort":0,"prec":"rooftop","mock":false}},{"type":"Feature","geometry":{"type":"Point","coordinates":[19.0713951,47.4720704]},"properties":{"icon":"p-kh-euro-fix-plusz-3-szarmaztatott-nyiltvegu-befektetesi-alap","name":"K&H EURÓ FIX PLUSZ 3 SZÁRMAZTATOTT NYÍLTVÉGŰ BEFEKTETÉSI ALAP","slug":"kh-euro-fix-plusz-3-szarmaztatott-nyiltvegu-befektetesi-alap","cls":"neutral","country":"HU","tier":"register","kind":"organization","city":"Budapest","aumM":null,"sort":0,"prec":"rooftop","mock":false}},{"type":"Feature","geometry":{"type":"Point","coordinates":[26.102684,44.4361414]},"properties":{"icon":"p-exim-banca-romaneasca","name":"Exim Banca Românească","slug":"exim-banca-romaneasca","cls":"neutral","country":"RO","tier":"monitored","kind":"organization","city":"Bucharest","aumM":null,"sort":-7100,"prec":"city","mock":false}},{"type":"Feature","geometry":{"type":"Point","coordinates":[26.102684,44.4361414]},"properties":{"icon":"p-rtpr","name":"RTPR","slug":"rtpr","cls":"neutral","country":"RO","tier":"monitored","kind":"organization","city":"Bucharest","aumM":null,"sort":-7100,"prec":"city","mock":false}},{"type":"Feature","geometry":{"type":"Point","coordinates":[26.102684,44.4361414]},"properties":{"icon":"p-sarmis-capital","name":"Sarmis Capital","slug":"sarmis-capital","cls":"neutral","country":"RO","tier":"monitored","kind":"organization","city":"Bucharest","aumM":null,"sort":-7000,"prec":"city","mock":false}},{"type":"Feature","geometry":{"type":"Point","coordinates":[26.102684,44.4361414]},"properties":{"icon":"p-gapminder-vc","name":"GapMinder VC","slug":"gapminder-vc","cls":"neutral","country":"RO","tier":"monitored","kind":"organization","city":"Bucharest","aumM":null,"sort":-7000,"prec":"city","mock":false}},{"type":"Feature","geometry":{"type":"Point","coordinates":[26.102684,44.4361414]},"properties":{"icon":"p-underline-ventures","name":"Underline Ventures","slug":"underline-ventures","cls":"neutral","country":"RO","tier":"monitored","kind":"organization","city":"Bucharest","aumM":null,"sort":-7000,"prec":"city","mock":false}},{"type":"Feature","geometry":{"type":"Point","coordinates":[26.102684,44.4361414]},"properties":{"icon":"p-citr","name":"CITR","slug":"citr","cls":"neutral","country":"RO","tier":"monitored","kind":"organization","city":"Bucharest","aumM":null,"sort":-7000,"prec":"city","mock":false}},{"type":"Feature","geometry":{"type":"Point","coordinates":[26.102684,44.4361414]},"properties":{"icon":"p-tuca-zbarcea-asociatii","name":"Țuca Zbârcea & Asociații","slug":"tuca-zbarcea-asociatii","cls":"neutral","country":"RO","tier":"monitored","kind":"organization","city":"Bucharest","aumM":null,"sort":-7000,"prec":"city","mock":false}},{"type":"Feature","geometry":{"type":"Point","coordinates":[26.102684,44.4361414]},"properties":{"icon":"p-nestor-nestor-diculescu-kingston-petersen","name":"Nestor Nestor Diculescu Kingston Petersen","slug":"nestor-nestor-diculescu-kingston-petersen","cls":"neutral","country":"RO","tier":"monitored","kind":"organization","city":"Bucharest","aumM":null,"sort":-7000,"prec":"city","mock":false}},{"type":"Feature","geometry":{"type":"Point","coordinates":[26.102684,44.4361414]},"properties":{"icon":"p-seedblink","name":"SeedBlink","slug":"seedblink","cls":"neutral","country":"RO","tier":"monitored","kind":"organization","city":"Bucharest","aumM":null,"sort":-7000,"prec":"city","mock":false}},{"type":"Feature","geometry":{"type":"Point","coordinates":[26.102684,44.4361414]},"properties":{"icon":"p-brd-groupe-socit-gnrale","name":"BRD Groupe Société Générale","slug":"brd-groupe-socit-gnrale","cls":"neutral","country":"RO","tier":"monitored","kind":"organization","city":"Bucharest","aumM":null,"sort":-7000,"prec":"city","mock":false}},{"type":"Feature","geometry":{"type":"Point","coordinates":[26.102684,44.4361414]},"properties":{"icon":"p-early-game-ventures","name":"Early Game Ventures","slug":"early-game-ventures","cls":"neutral","country":"RO","tier":"monitored","kind":"organization","city":"Bucharest","aumM":null,"sort":-7000,"prec":"city","mock":false}},{"type":"Feature","geometry":{"type":"Point","coordinates":[26.102684,44.4361414]},"properties":{"icon":"p-morphosis-capital","name":"Morphosis Capital","slug":"morphosis-capital","cls":"neutral","country":"RO","tier":"monitored","kind":"organization","city":"Bucharest","aumM":null,"sort":-7000,"prec":"city","mock":false}},{"type":"Feature","geometry":{"type":"Point","coordinates":[26.102684,44.4361414]},"properties":{"icon":"p-filip-company","name":"Filip & Company","slug":"filip-company","cls":"neutral","country":"RO","tier":"monitored","kind":"organization","city":"Bucharest","aumM":null,"sort":-7000,"prec":"city","mock":false}},{"type":"Feature","geometry":{"type":"Point","coordinates":[26.0794766,44.4324628]},"properties":{"icon":"p-brd-asset-management-sai-sa","name":"BRD ASSET MANAGEMENT S.A.I. SA","slug":"brd-asset-management-sai-sa","cls":"neutral","country":"RO","tier":"register","kind":"organization","city":"Bucharest","aumM":null,"sort":-600,"prec":"street","mock":false}},{"type":"Feature","geometry":{"type":"Point","coordinates":[26.0794766,44.4324628]},"properties":{"icon":"p-fondul-deschis-de-investitii-brd-orizont-2045","name":"Fondul Deschis de Investiții BRD ORIZONT 2045","slug":"fondul-deschis-de-investitii-brd-orizont-2045","cls":"neutral","country":"RO","tier":"register","kind":"organization","city":"Bucharest","aumM":null,"sort":-50,"prec":"street","mock":false}},{"type":"Feature","geometry":{"type":"Point","coordinates":[26.0794766,44.4324628]},"properties":{"icon":"p-fondul-deschis-de-investitii-brd-obligatiuni","name":"FONDUL DESCHIS DE INVESTIȚII BRD OBLIGAȚIUNI","slug":"fondul-deschis-de-investitii-brd-obligatiuni","cls":"neutral","country":"RO","tier":"register","kind":"organization","city":"Bucharest","aumM":null,"sort":-50,"prec":"street","mock":false}},{"type":"Feature","geometry":{"type":"Point","coordinates":[26.0794766,44.4324628]},"properties":{"icon":"p-fondul-deschis-de-investitii-brd-actiuni","name":"FONDUL DESCHIS DE INVESTIȚII BRD ACȚIUNI","slug":"fondul-deschis-de-investitii-brd-actiuni","cls":"neutral","country":"RO","tier":"register","kind":"organization","city":"Bucharest","aumM":null,"sort":-50,"prec":"street","mock":false}},{"type":"Feature","geometry":{"type":"Point","coordinates":[26.0794766,44.4324628]},"properties":{"icon":"p-fondul-de-investitii-brd-simplu","name":"FONDUL DE INVESTIȚII BRD SIMPLU","slug":"fondul-de-investitii-brd-simplu","cls":"neutral","country":"RO","tier":"register","kind":"organization","city":"Bucharest","aumM":null,"sort":-50,"prec":"street","mock":false}},{"type":"Feature","geometry":{"type":"Point","coordinates":[26.0794766,44.4324628]},"properties":{"icon":"p-fondul-deschis-de-investitii-brd-diverso","name":"FONDUL DESCHIS DE INVESTIȚII BRD DIVERSO","slug":"fondul-deschis-de-investitii-brd-diverso","cls":"neutral","country":"RO","tier":"register","kind":"organization","city":"Bucharest","aumM":null,"sort":-50,"prec":"street","mock":false}},{"type":"Feature","geometry":{"type":"Point","coordinates":[26.0794766,44.4324628]},"properties":{"icon":"p-fondul-deschis-de-investitii-brd-euro-fond","name":"FONDUL DESCHIS DE INVESTIȚII BRD EURO FOND","slug":"fondul-deschis-de-investitii-brd-euro-fond","cls":"neutral","country":"RO","tier":"register","kind":"organization","city":"Bucharest","aumM":null,"sort":-50,"prec":"street","mock":false}},{"type":"Feature","geometry":{"type":"Point","coordinates":[26.0794766,44.4324628]},"properties":{"icon":"p-fondul-deschis-de-investitii-brd-simfonia","name":"FONDUL DESCHIS DE INVESTIȚII BRD SIMFONIA","slug":"fondul-deschis-de-investitii-brd-simfonia","cls":"neutral","country":"RO","tier":"register","kind":"organization","city":"Bucharest","aumM":null,"sort":-50,"prec":"street","mock":false}},{"type":"Feature","geometry":{"type":"Point","coordinates":[26.0794766,44.4324628]},"properties":{"icon":"p-fondul-deschis-de-investitii-brd-usd-simplu","name":"Fondul Deschis de Investiții BRD USD SIMPLU","slug":"fondul-deschis-de-investitii-brd-usd-simplu","cls":"neutral","country":"RO","tier":"register","kind":"organization","city":"Bucharest","aumM":null,"sort":-50,"prec":"street","mock":false}},{"type":"Feature","geometry":{"type":"Point","coordinates":[26.0794766,44.4324628]},"properties":{"icon":"p-fondul-deschis-de-investitii-brd-orizont-2035","name":"Fondul Deschis de Investiții BRD ORIZONT 2035","slug":"fondul-deschis-de-investitii-brd-orizont-2035","cls":"neutral","country":"RO","tier":"register","kind":"organization","city":"Bucharest","aumM":null,"sort":-50,"prec":"street","mock":false}},{"type":"Feature","geometry":{"type":"Point","coordinates":[26.0794766,44.4324628]},"properties":{"icon":"p-fondul-deschis-de-investitii-brd-oportunitati","name":"Fondul Deschis de Investiții BRD OPORTUNITĂȚI","slug":"fondul-deschis-de-investitii-brd-oportunitati","cls":"neutral","country":"RO","tier":"register","kind":"organization","city":"Bucharest","aumM":null,"sort":-50,"prec":"street","mock":false}},{"type":"Feature","geometry":{"type":"Point","coordinates":[26.0794766,44.4324628]},"properties":{"icon":"p-fondul-deschis-de-investitii-brd-global","name":"FONDUL DESCHIS DE INVESTIȚII BRD GLOBAL","slug":"fondul-deschis-de-investitii-brd-global","cls":"neutral","country":"RO","tier":"register","kind":"organization","city":"Bucharest","aumM":null,"sort":-50,"prec":"street","mock":false}},{"type":"Feature","geometry":{"type":"Point","coordinates":[26.060613,44.443779]},"properties":{"icon":"p-fond-deschis-de-investitii-erste-nextgen-bond-romania-eur","name":"Fond Deschis de Investiții ERSTE NextGen Bond Romania EUR","slug":"fond-deschis-de-investitii-erste-nextgen-bond-romania-eur","cls":"neutral","country":"RO","tier":"register","kind":"organization","city":"Bucharest","aumM":null,"sort":0,"prec":"street","mock":false}},{"type":"Feature","geometry":{"type":"Point","coordinates":[26.060613,44.443779]},"properties":{"icon":"p-fond-deschis-de-investitii-erste-equity-romania","name":"Fond Deschis de Investiții ERSTE Equity Romania","slug":"fond-deschis-de-investitii-erste-equity-romania","cls":"neutral","country":"RO","tier":"register","kind":"organization","city":"Bucharest","aumM":null,"sort":0,"prec":"street","mock":false}},{"type":"Feature","geometry":{"type":"Point","coordinates":[26.060613,44.443779]},"properties":{"icon":"p-fond-deschis-de-investitii-erste-liquidity-ron","name":"Fond Deschis de Investiții ERSTE Liquidity RON","slug":"fond-deschis-de-investitii-erste-liquidity-ron","cls":"neutral","country":"RO","tier":"register","kind":"organization","city":"Bucharest","aumM":null,"sort":0,"prec":"street","mock":false}},{"type":"Feature","geometry":{"type":"Point","coordinates":[26.060613,44.443779]},"properties":{"icon":"p-fond-deschis-de-investitii-erste-mix-prudent-ron","name":"Fond Deschis de Investiții ERSTE Mix Prudent RON","slug":"fond-deschis-de-investitii-erste-mix-prudent-ron","cls":"neutral","country":"RO","tier":"register","kind":"organization","city":"Bucharest","aumM":null,"sort":0,"prec":"street","mock":false}},{"type":"Feature","geometry":{"type":"Point","coordinates":[26.060613,44.443779]},"properties":{"icon":"p-fond-deschis-de-investitii-erste-mix-prudent-euro","name":"Fond Deschis de Investiții ERSTE Mix Prudent EURO","slug":"fond-deschis-de-investitii-erste-mix-prudent-euro","cls":"neutral","country":"RO","tier":"register","kind":"organization","city":"Bucharest","aumM":null,"sort":0,"prec":"street","mock":false}},{"type":"Feature","geometry":{"type":"Point","coordinates":[20.4568974,44.8178131]},"properties":{"icon":"p-banca-intesa-beograd","name":"Banca Intesa Beograd","slug":"banca-intesa-beograd","cls":"neutral","country":"RS","tier":"monitored","kind":"organization","city":"Belgrade","aumM":null,"sort":-7000,"prec":"city","mock":false}},{"type":"Feature","geometry":{"type":"Point","coordinates":[20.4568974,44.8178131]},"properties":{"icon":"p-agencija-za-osiguranje-depozita","name":"Agencija za osiguranje depozita","slug":"agencija-za-osiguranje-depozita","cls":"neutral","country":"RS","tier":"monitored","kind":"organization","city":"Belgrade","aumM":null,"sort":-7000,"prec":"city","mock":false}},{"type":"Feature","geometry":{"type":"Point","coordinates":[20.4568974,44.8178131]},"properties":{"icon":"p-south-central-ventures","name":"South Central Ventures","slug":"south-central-ventures","cls":"neutral","country":"RS","tier":"monitored","kind":"organization","city":"Belgrade","aumM":null,"sort":-7000,"prec":"city","mock":false}},{"type":"Feature","geometry":{"type":"Point","coordinates":[20.4568974,44.8178131]},"properties":{"icon":"p-fond-za-inovacionu-delatnost","name":"Fond za inovacionu delatnost","slug":"fond-za-inovacionu-delatnost","cls":"neutral","country":"RS","tier":"monitored","kind":"organization","city":"Belgrade","aumM":null,"sort":-7000,"prec":"city","mock":false}},{"type":"Feature","geometry":{"type":"Point","coordinates":[20.4568974,44.8178131]},"properties":{"icon":"p-bdk-advokati","name":"BDK Advokati","slug":"bdk-advokati","cls":"neutral","country":"RS","tier":"monitored","kind":"organization","city":"Belgrade","aumM":null,"sort":-7000,"prec":"city","mock":false}},{"type":"Feature","geometry":{"type":"Point","coordinates":[20.4568974,44.8178131]},"properties":{"icon":"p-dunav-osiguranje","name":"Dunav osiguranje","slug":"dunav-osiguranje","cls":"neutral","country":"RS","tier":"monitored","kind":"organization","city":"Belgrade","aumM":null,"sort":-7000,"prec":"city","mock":false}},{"type":"Feature","geometry":{"type":"Point","coordinates":[20.4568974,44.8178131]},"properties":{"icon":"p-karanovic-partners","name":"Karanović & Partners","slug":"karanovic-partners","cls":"neutral","country":"RS","tier":"monitored","kind":"organization","city":"Belgrade","aumM":null,"sort":-7000,"prec":"city","mock":false}},{"type":"Feature","geometry":{"type":"Point","coordinates":[20.4568974,44.8178131]},"properties":{"icon":"p-integral-venture-partners","name":"Integral Venture Partners","slug":"integral-venture-partners","cls":"neutral","country":"RS","tier":"monitored","kind":"organization","city":"Belgrade","aumM":null,"sort":-7000,"prec":"city","mock":false}},{"type":"Feature","geometry":{"type":"Point","coordinates":[20.4568974,44.8178131]},"properties":{"icon":"p-nlb-komercijalna-banka","name":"NLB Komercijalna banka","slug":"nlb-komercijalna-banka","cls":"neutral","country":"RS","tier":"monitored","kind":"organization","city":"Belgrade","aumM":null,"sort":-7000,"prec":"city","mock":false}},{"type":"Feature","geometry":{"type":"Point","coordinates":[20.4568974,44.8178131]},"properties":{"icon":"p-gecic-law","name":"Gecić Law","slug":"gecic-law","cls":"neutral","country":"RS","tier":"monitored","kind":"organization","city":"Belgrade","aumM":null,"sort":-7000,"prec":"city","mock":false}},{"type":"Feature","geometry":{"type":"Point","coordinates":[20.4568974,44.8178131]},"properties":{"icon":"p-aik-banka","name":"AIK Banka","slug":"aik-banka","cls":"neutral","country":"RS","tier":"monitored","kind":"organization","city":"Belgrade","aumM":null,"sort":-7000,"prec":"city","mock":false}},{"type":"Feature","geometry":{"type":"Point","coordinates":[20.4568974,44.8178131]},"properties":{"icon":"p-drustvo-za-upravljanje-investicionim-fondovima-fima-invest-ad-beograd","name":"DRUŠTVO ZA UPRAVLJANJE INVESTICIONIM FONDOVIMA FIMA INVEST AD BEOGRAD","slug":"drustvo-za-upravljanje-investicionim-fondovima-fima-invest-ad-beograd","cls":"neutral","country":"RS","tier":"register","kind":"organization","city":"Belgrade","aumM":null,"sort":-50,"prec":"city","mock":false}},{"type":"Feature","geometry":{"type":"Point","coordinates":[20.4568974,44.8178131]},"properties":{"icon":"p-raiffeisen-invest-ad-beograd-drustvo-za-upravljanje-ucits-fondovima-i-aif","name":"Raiffeisen INVEST a.d. Beograd Društvo za upravljanje UCITS fondovima i AIF","slug":"raiffeisen-invest-ad-beograd-drustvo-za-upravljanje-ucits-fondovima-i-aif","cls":"neutral","country":"RS","tier":"register","kind":"organization","city":"Belgrade","aumM":null,"sort":-50,"prec":"city","mock":false}},{"type":"Feature","geometry":{"type":"Point","coordinates":[20.4568974,44.8178131]},"properties":{"icon":"p-otvoreni-investicioni-fond-fima-proactive","name":"Otvoreni investicioni fond FIMA PROACTIVE","slug":"otvoreni-investicioni-fond-fima-proactive","cls":"neutral","country":"RS","tier":"register","kind":"organization","city":"Belgrade","aumM":null,"sort":-50,"prec":"city","mock":false}},{"type":"Feature","geometry":{"type":"Point","coordinates":[20.4568974,44.8178131]},"properties":{"icon":"p-raiffeisen-world","name":"Raiffeisen WORLD","slug":"raiffeisen-world","cls":"neutral","country":"RS","tier":"register","kind":"organization","city":"Belgrade","aumM":null,"sort":-50,"prec":"city","mock":false}},{"type":"Feature","geometry":{"type":"Point","coordinates":[20.4568974,44.8178131]},"properties":{"icon":"p-intermetalik-u-stecaju","name":"ИНТЕРМЕТАЛИК - у стечају","slug":"intermetalik-u-stecaju","cls":"neutral","country":"RS","tier":"register","kind":"organization","city":"Belgrade","aumM":null,"sort":0,"prec":"city","mock":false}},{"type":"Feature","geometry":{"type":"Point","coordinates":[20.4568974,44.8178131]},"properties":{"icon":"p-topciderska-zvezda-u-stecaju","name":"ТОПЧИДЕРСКА ЗВЕЗДА - у стечају","slug":"topciderska-zvezda-u-stecaju","cls":"neutral","country":"RS","tier":"register","kind":"organization","city":"Belgrade","aumM":null,"sort":0,"prec":"city","mock":false}},{"type":"Feature","geometry":{"type":"Point","coordinates":[20.6399643,44.8705686]},"properties":{"icon":"p-pan-ton","name":"ПАН-ТОН","slug":"pan-ton","cls":"neutral","country":"RS","tier":"register","kind":"organization","city":"Belgrade","aumM":null,"sort":0,"prec":"city","mock":false}},{"type":"Feature","geometry":{"type":"Point","coordinates":[20.4568974,44.8178131]},"properties":{"icon":"p-energoprojekt-oprema","name":"ЕНЕРГОПРОЈЕКТ ОПРЕМА","slug":"energoprojekt-oprema","cls":"neutral","country":"RS","tier":"register","kind":"organization","city":"Belgrade","aumM":null,"sort":0,"prec":"city","mock":false}},{"type":"Feature","geometry":{"type":"Point","coordinates":[20.4568974,44.8178131]},"properties":{"icon":"p-neo-fantast-u-stecaju","name":"NEO FANTAST - у стечају","slug":"neo-fantast-u-stecaju","cls":"neutral","country":"RS","tier":"register","kind":"organization","city":"Belgrade","aumM":null,"sort":0,"prec":"city","mock":false}},{"type":"Feature","geometry":{"type":"Point","coordinates":[20.4568974,44.8178131]},"properties":{"icon":"p-eksind-u-stecaju","name":"EKSIND - у стечају","slug":"eksind-u-stecaju","cls":"neutral","country":"RS","tier":"register","kind":"organization","city":"Belgrade","aumM":null,"sort":0,"prec":"city","mock":false}},{"type":"Feature","geometry":{"type":"Point","coordinates":[20.4568974,44.8178131]},"properties":{"icon":"p-agrofrost","name":"AGROFROST","slug":"agrofrost","cls":"neutral","country":"RS","tier":"register","kind":"organization","city":"Belgrade","aumM":null,"sort":0,"prec":"city","mock":false}},{"type":"Feature","geometry":{"type":"Point","coordinates":[20.2228552,44.8275822]},"properties":{"icon":"p-stecajna-masa-bd-agro","name":"СТЕЧАЈНА МАСА БД АГРО","slug":"stecajna-masa-bd-agro","cls":"neutral","country":"RS","tier":"monitored","kind":"organization","city":"Belgrade","aumM":null,"sort":0,"prec":"city","mock":false}},{"type":"Feature","geometry":{"type":"Point","coordinates":[20.4568974,44.8178131]},"properties":{"icon":"p-maxidom","name":"MAXIDOM","slug":"maxidom","cls":"neutral","country":"RS","tier":"register","kind":"organization","city":"Belgrade","aumM":null,"sort":0,"prec":"city","mock":false}},{"type":"Feature","geometry":{"type":"Point","coordinates":[20.4568974,44.8178131]},"properties":{"icon":"p-pik-zemun","name":"ПИК ЗЕМУН","slug":"pik-zemun","cls":"neutral","country":"RS","tier":"register","kind":"organization","city":"Belgrade","aumM":null,"sort":0,"prec":"city","mock":false}},{"type":"Feature","geometry":{"type":"Point","coordinates":[20.4568974,44.8178131]},"properties":{"icon":"p-pro-line","name":"PRO LINE","slug":"pro-line","cls":"neutral","country":"RS","tier":"register","kind":"organization","city":"Belgrade","aumM":null,"sort":0,"prec":"city","mock":false}},{"type":"Feature","geometry":{"type":"Point","coordinates":[20.4568974,44.8178131]},"properties":{"icon":"p-telefonija","name":"ТЕЛЕФОНИЈА","slug":"telefonija","cls":"neutral","country":"RS","tier":"register","kind":"organization","city":"Belgrade","aumM":null,"sort":0,"prec":"city","mock":false}},{"type":"Feature","geometry":{"type":"Point","coordinates":[20.4568974,44.8178131]},"properties":{"icon":"p-gp-standard","name":"ГП СТАНДАРД","slug":"gp-standard","cls":"neutral","country":"RS","tier":"register","kind":"organization","city":"Belgrade","aumM":null,"sort":0,"prec":"city","mock":false}},{"type":"Feature","geometry":{"type":"Point","coordinates":[20.4568974,44.8178131]},"properties":{"icon":"p-streetfood","name":"STREETFOOD","slug":"streetfood","cls":"neutral","country":"RS","tier":"register","kind":"organization","city":"Belgrade","aumM":null,"sort":0,"prec":"city","mock":false}},{"type":"Feature","geometry":{"type":"Point","coordinates":[20.4568974,44.8178131]},"properties":{"icon":"p-tkj-consulting-mobility","name":"TKJ CONSULTING & MOBILITY","slug":"tkj-consulting-mobility","cls":"neutral","country":"RS","tier":"register","kind":"organization","city":"Belgrade","aumM":null,"sort":0,"prec":"city","mock":false}},{"type":"Feature","geometry":{"type":"Point","coordinates":[15.9772795,45.8130967]},"properties":{"icon":"p-divjak-topic-bahtijarevic-krka","name":"Divjak Topić Bahtijarević & Krka","slug":"divjak-topic-bahtijarevic-krka","cls":"neutral","country":"HR","tier":"monitored","kind":"organization","city":"Zagreb","aumM":null,"sort":-7000,"prec":"city","mock":false}},{"type":"Feature","geometry":{"type":"Point","coordinates":[15.9772795,45.8130967]},"properties":{"icon":"p-fil-rouge-capital","name":"Fil Rouge Capital","slug":"fil-rouge-capital","cls":"neutral","country":"HR","tier":"monitored","kind":"organization","city":"Zagreb","aumM":null,"sort":-7000,"prec":"city","mock":false}},{"type":"Feature","geometry":{"type":"Point","coordinates":[15.9772795,45.8130967]},"properties":{"icon":"p-invera-equity-partneri-doo","name":"Invera Equity Partneri d.o.o.","slug":"invera-equity-partneri-doo","cls":"neutral","country":"HR","tier":"register","kind":"organization","city":"Zagreb","aumM":null,"sort":-7000,"prec":"city","mock":false}},{"type":"Feature","geometry":{"type":"Point","coordinates":[15.9772795,45.8130967]},"properties":{"icon":"p-b2kapital","name":"B2Kapital","slug":"b2kapital","cls":"neutral","country":"HR","tier":"monitored","kind":"organization","city":"Zagreb","aumM":null,"sort":-7000,"prec":"city","mock":false}},{"type":"Feature","geometry":{"type":"Point","coordinates":[15.9772795,45.8130967]},"properties":{"icon":"p-privredna-banka-zagreb","name":"Privredna banka Zagreb","slug":"privredna-banka-zagreb","cls":"neutral","country":"HR","tier":"monitored","kind":"organization","city":"Zagreb","aumM":null,"sort":-7000,"prec":"city","mock":false}},{"type":"Feature","geometry":{"type":"Point","coordinates":[15.9772795,45.8130967]},"properties":{"icon":"p-intercapital","name":"InterCapital","slug":"intercapital","cls":"neutral","country":"HR","tier":"monitored","kind":"organization","city":"Zagreb","aumM":null,"sort":-7000,"prec":"city","mock":false}},{"type":"Feature","geometry":{"type":"Point","coordinates":[15.9772795,45.8130967]},"properties":{"icon":"p-hrvatska-postanska-banka","name":"Hrvatska poštanska banka","slug":"hrvatska-postanska-banka","cls":"neutral","country":"HR","tier":"monitored","kind":"organization","city":"Zagreb","aumM":null,"sort":-7000,"prec":"city","mock":false}},{"type":"Feature","geometry":{"type":"Point","coordinates":[15.9772795,45.8130967]},"properties":{"icon":"p-hrvatsko-mirovinsko-investicijsko-drustvo-doo","name":"HRVATSKO MIROVINSKO INVESTICIJSKO DRUŠTVO d.o.o.","slug":"hrvatsko-mirovinsko-investicijsko-drustvo-doo","cls":"neutral","country":"HR","tier":"register","kind":"organization","city":"Zagreb","aumM":null,"sort":-7000,"prec":"city","mock":false}},{"type":"Feature","geometry":{"type":"Point","coordinates":[15.9772795,45.8130967]},"properties":{"icon":"p-hrvatska-banka-za-obnovu-i-razvitak","name":"Hrvatska banka za obnovu i razvitak","slug":"hrvatska-banka-za-obnovu-i-razvitak","cls":"neutral","country":"HR","tier":"monitored","kind":"organization","city":"Zagreb","aumM":null,"sort":-7000,"prec":"city","mock":false}},{"type":"Feature","geometry":{"type":"Point","coordinates":[15.9772795,45.8130967]},"properties":{"icon":"p-eos-matrix","name":"EOS Matrix","slug":"eos-matrix","cls":"neutral","country":"HR","tier":"monitored","kind":"organization","city":"Zagreb","aumM":null,"sort":-7000,"prec":"city","mock":false}},{"type":"Feature","geometry":{"type":"Point","coordinates":[15.9772795,45.8130967]},"properties":{"icon":"p-unicredit-invest-doo-za-upravljanje-ucits-fondovima","name":"UniCredit Invest d.o.o. za upravljanje UCITS fondovima","slug":"unicredit-invest-doo-za-upravljanje-ucits-fondovima","cls":"neutral","country":"HR","tier":"register","kind":"organization","city":"Zagreb","aumM":null,"sort":-1450,"prec":"city","mock":false}},{"type":"Feature","geometry":{"type":"Point","coordinates":[15.9772795,45.8130967]},"properties":{"icon":"p-erste-asset-management-drustvo-s-ogranicenom-odgovornoscu-za-upravljanje-investicijskim-fondovima","name":"Erste Asset Management društvo s ograničenom odgovornošću za upravljanje investicijskim fondovima","slug":"erste-asset-management-drustvo-s-ogranicenom-odgovornoscu-za-upravljanje-investicijskim-fondovima","cls":"neutral","country":"HR","tier":"register","kind":"organization","city":"Zagreb","aumM":null,"sort":-1250,"prec":"city","mock":false}},{"type":"Feature","geometry":{"type":"Point","coordinates":[15.9772795,45.8130967]},"properties":{"icon":"p-eurizon-asset-management-croatia-drustvo-s-ogranicenom-odgovornoscu-za-upravljanje-investicijskim-fondovima","name":"Eurizon Asset Management Croatia društvo s ograničenom odgovornošću za upravljanje investicijskim fondovima","slug":"eurizon-asset-management-croatia-drustvo-s-ogranicenom-odgovornoscu-za-upravljanje-investicijskim-fondovima","cls":"neutral","country":"HR","tier":"register","kind":"organization","city":"Zagreb","aumM":null,"sort":-1100,"prec":"city","mock":false}},{"type":"Feature","geometry":{"type":"Point","coordinates":[15.9772795,45.8130967]},"properties":{"icon":"p-inspire-investments-doo-za-upravljanje-alternativnim-investicijskim-fondovima","name":"Inspire Investments d.o.o. za upravljanje alternativnim investicijskim fondovima","slug":"inspire-investments-doo-za-upravljanje-alternativnim-investicijskim-fondovima","cls":"neutral","country":"HR","tier":"register","kind":"organization","city":"Zagreb","aumM":null,"sort":-650,"prec":"city","mock":false}},{"type":"Feature","geometry":{"type":"Point","coordinates":[15.9772795,45.8130967]},"properties":{"icon":"p-raiffeisen-kapitalanlage-gesellschaft-mbh-podruznica-hrvatska-za-upravljanje-fondovima","name":"Raiffeisen Kapitalanlage-Gesellschaft m.b.H., Podružnica Hrvatska, za upravljanje fondovima","slug":"raiffeisen-kapitalanlage-gesellschaft-mbh-podruznica-hrvatska-za-upravljanje-fondovima","cls":"neutral","country":"HR","tier":"register","kind":"organization","city":"Zagreb","aumM":null,"sort":-650,"prec":"city","mock":false}},{"type":"Feature","geometry":{"type":"Point","coordinates":[15.9772795,45.8130967]},"properties":{"icon":"p-erste-drustvo-s-ogranicenom-odgovornoscu-za-upravljanje-obveznim-i-dobrovoljnim-mirovinskim-fondovima","name":"ERSTE društvo s ograničenom odgovornošću za upravljanje obveznim i dobrovoljnim mirovinskim fondovima","slug":"erste-drustvo-s-ogranicenom-odgovornoscu-za-upravljanje-obveznim-i-dobrovoljnim-mirovinskim-fondovima","cls":"neutral","country":"HR","tier":"register","kind":"organization","city":"Zagreb","aumM":null,"sort":-550,"prec":"city","mock":false}},{"type":"Feature","geometry":{"type":"Point","coordinates":[15.9772795,45.8130967]},"properties":{"icon":"p-otp-invest-drustvo-s-ogranicenom-odgovornoscu-za-upravljanje-fondovima","name":"OTP invest društvo s ograničenom odgovornošću za upravljanje fondovima","slug":"otp-invest-drustvo-s-ogranicenom-odgovornoscu-za-upravljanje-fondovima","cls":"neutral","country":"HR","tier":"register","kind":"organization","city":"Zagreb","aumM":null,"sort":-550,"prec":"city","mock":false}},{"type":"Feature","geometry":{"type":"Point","coordinates":[15.9772795,45.8130967]},"properties":{"icon":"p-raiffeisen-drustvo-za-upravljanje-obveznim-i-dobrovoljnim-mirovinskim-fondovima-dd","name":"Raiffeisen društvo za upravljanje obveznim i dobrovoljnim mirovinskim fondovima d.d.","slug":"raiffeisen-drustvo-za-upravljanje-obveznim-i-dobrovoljnim-mirovinskim-fondovima-dd","cls":"neutral","country":"HR","tier":"register","kind":"organization","city":"Zagreb","aumM":null,"sort":-400,"prec":"city","mock":false}},{"type":"Feature","geometry":{"type":"Point","coordinates":[15.9772795,45.8130967]},"properties":{"icon":"p-croatia-osiguranje-mirovinsko-drustvo-za-upravljanje-dobrovoljnim-mirovinskim-fondom-drustvo-s-ogranicenom-odgovornoscu","name":"CROATIA osiguranje mirovinsko društvo za upravljanje dobrovoljnim mirovinskim fondom, društvo s ograničenom odgovornošću","slug":"croatia-osiguranje-mirovinsko-drustvo-za-upravljanje-dobrovoljnim-mirovinskim-fondom-drustvo-s-ogranicenom-odgovornoscu","cls":"neutral","country":"HR","tier":"register","kind":"organization","city":"Zagreb","aumM":null,"sort":-350,"prec":"city","mock":false}},{"type":"Feature","geometry":{"type":"Point","coordinates":[15.9772795,45.8130967]},"properties":{"icon":"p-intercapital-etf-drustvo-s-ogranicenom-odgovornoscu-za-upravljanje-otvorenim-investicijskim-fondovima-s-javnom-ponudom","name":"InterCapital ETF društvo s ograničenom odgovornošću za upravljanje otvorenim investicijskim fondovima s javnom ponudom","slug":"intercapital-etf-drustvo-s-ogranicenom-odgovornoscu-za-upravljanje-otvorenim-investicijskim-fondovima-s-javnom-ponudom","cls":"neutral","country":"HR","tier":"register","kind":"organization","city":"Zagreb","aumM":null,"sort":-350,"prec":"city","mock":false}},{"type":"Feature","geometry":{"type":"Point","coordinates":[15.9772795,45.8130967]},"properties":{"icon":"p-sq-capital-drustvo-s-ogranicenom-odgovornoscu-za-upravljanje-investicijskim-fondovima","name":"SQ CAPITAL društvo s ograničenom odgovornošću za upravljanje investicijskim fondovima","slug":"sq-capital-drustvo-s-ogranicenom-odgovornoscu-za-upravljanje-investicijskim-fondovima","cls":"neutral","country":"HR","tier":"register","kind":"organization","city":"Zagreb","aumM":null,"sort":-300,"prec":"city","mock":false}},{"type":"Feature","geometry":{"type":"Point","coordinates":[15.9772795,45.8130967]},"properties":{"icon":"p-hpb-invest-drustvo-s-ogranicenom-odgovornoscu-za-upravljanje-ucits-fondovima","name":"HPB Invest, društvo s ograničenom odgovornošću za upravljanje UCITS fondovima","slug":"hpb-invest-drustvo-s-ogranicenom-odgovornoscu-za-upravljanje-ucits-fondovima","cls":"neutral","country":"HR","tier":"register","kind":"organization","city":"Zagreb","aumM":null,"sort":-300,"prec":"city","mock":false}},{"type":"Feature","geometry":{"type":"Point","coordinates":[15.9772795,45.8130967]},"properties":{"icon":"p-allianz-zb-doo-drustvo-za-upravljanje-obveznim-i-dobrovoljnim-mirovinskim-fondovima","name":"Allianz ZB d.o.o. društvo za upravljanje obveznim i dobrovoljnim mirovinskim fondovima","slug":"allianz-zb-doo-drustvo-za-upravljanje-obveznim-i-dobrovoljnim-mirovinskim-fondovima","cls":"neutral","country":"HR","tier":"register","kind":"organization","city":"Zagreb","aumM":null,"sort":-300,"prec":"city","mock":false}},{"type":"Feature","geometry":{"type":"Point","coordinates":[15.9772795,45.8130967]},"properties":{"icon":"p-cgs-capital-doo-za-osnivanje-i-upravljanje-alternativnim-investicijskim-fondovima","name":"CGS Capital d.o.o. za osnivanje i upravljanje alternativnim investicijskim fondovima","slug":"cgs-capital-doo-za-osnivanje-i-upravljanje-alternativnim-investicijskim-fondovima","cls":"neutral","country":"HR","tier":"register","kind":"organization","city":"Zagreb","aumM":null,"sort":-200,"prec":"city","mock":false}},{"type":"Feature","geometry":{"type":"Point","coordinates":[15.9772795,45.8130967]},"properties":{"icon":"p-farve-pro-invest-drustvo-s-ogranicenom-odgovornoscu-za-upravljanje-investicijskim-fondovima","name":"FARVE PRO INVEST društvo s ograničenom odgovornošću za upravljanje investicijskim fondovima","slug":"farve-pro-invest-drustvo-s-ogranicenom-odgovornoscu-za-upravljanje-investicijskim-fondovima","cls":"neutral","country":"HR","tier":"register","kind":"organization","city":"Zagreb","aumM":null,"sort":-150,"prec":"city","mock":false}},{"type":"Feature","geometry":{"type":"Point","coordinates":[15.9772795,45.8130967]},"properties":{"icon":"p-pbz-croatia-osiguranje-dionicko-drustvo-za-upravljanje-obveznim-mirovinskim-fondovima","name":"PBZ CROATIA OSIGURANJE dioničko društvo za upravljanje obveznim mirovinskim fondovima","slug":"pbz-croatia-osiguranje-dionicko-drustvo-za-upravljanje-obveznim-mirovinskim-fondovima","cls":"neutral","country":"HR","tier":"register","kind":"organization","city":"Zagreb","aumM":null,"sort":-150,"prec":"city","mock":false}},{"type":"Feature","geometry":{"type":"Point","coordinates":[15.9772795,45.8130967]},"properties":{"icon":"p-inspire-alpha-otvoreni-alternativni-investicijski-fond-s-privatnom-ponudom","name":"Inspire Alpha otvoreni alternativni investicijski fond s privatnom ponudom","slug":"inspire-alpha-otvoreni-alternativni-investicijski-fond-s-privatnom-ponudom","cls":"neutral","country":"HR","tier":"register","kind":"organization","city":"Zagreb","aumM":null,"sort":-50,"prec":"city","mock":false}},{"type":"Feature","geometry":{"type":"Point","coordinates":[15.9772795,45.8130967]},"properties":{"icon":"p-otp-meridian-20-otvoreni-investicijski-fond-s-javnom-ponudom","name":"OTP MERIDIAN 20 - otvoreni investicijski fond s javnom ponudom","slug":"otp-meridian-20-otvoreni-investicijski-fond-s-javnom-ponudom","cls":"neutral","country":"HR","tier":"register","kind":"organization","city":"Zagreb","aumM":null,"sort":-50,"prec":"city","mock":false}},{"type":"Feature","geometry":{"type":"Point","coordinates":[15.9772795,45.8130967]},"properties":{"icon":"p-eurizon-hr-flexible-30-fond","name":"Eurizon HR Flexible 30 fond","slug":"eurizon-hr-flexible-30-fond","cls":"neutral","country":"HR","tier":"register","kind":"organization","city":"Zagreb","aumM":null,"sort":-50,"prec":"city","mock":false}},{"type":"Feature","geometry":{"type":"Point","coordinates":[15.9772795,45.8130967]},"properties":{"icon":"p-arena-mudra-mirovina-zatvoreni-dobrovoljni-mirovinski-fond","name":"ARENA MUDRA MIROVINA ZATVORENI DOBROVOLJNI MIROVINSKI FOND","slug":"arena-mudra-mirovina-zatvoreni-dobrovoljni-mirovinski-fond","cls":"neutral","country":"HR","tier":"register","kind":"organization","city":"Zagreb","aumM":null,"sort":-50,"prec":"city","mock":false}},{"type":"Feature","geometry":{"type":"Point","coordinates":[23.3217359,42.6977028]},"properties":{"icon":"p-boyanov-co","name":"Boyanov & Co","slug":"boyanov-co","cls":"neutral","country":"BG","tier":"monitored","kind":"organization","city":"Sofia","aumM":null,"sort":-7200,"prec":"city","mock":false}},{"type":"Feature","geometry":{"type":"Point","coordinates":[23.3217359,42.6977028]},"properties":{"icon":"p-vitosha-venture-partners","name":"Vitosha Venture Partners","slug":"vitosha-venture-partners","cls":"neutral","country":"BG","tier":"register","kind":"organization","city":"Sofia","aumM":null,"sort":-7000,"prec":"city","mock":false}},{"type":"Feature","geometry":{"type":"Point","coordinates":[23.3217359,42.6977028]},"properties":{"icon":"p-brightcap-ventures","name":"BrightCap Ventures","slug":"brightcap-ventures","cls":"neutral","country":"BG","tier":"monitored","kind":"organization","city":"Sofia","aumM":null,"sort":-7000,"prec":"city","mock":false}},{"type":"Feature","geometry":{"type":"Point","coordinates":[23.3217359,42.6977028]},"properties":{"icon":"p-launchub-ventures","name":"LAUNCHub Ventures","slug":"launchub-ventures","cls":"neutral","country":"BG","tier":"monitored","kind":"organization","city":"Sofia","aumM":null,"sort":-7000,"prec":"city","mock":false}},{"type":"Feature","geometry":{"type":"Point","coordinates":[23.3217359,42.6977028]},"properties":{"icon":"p-djingov-gouginski-kyutchukov-velichkov","name":"Djingov Gouginski Kyutchukov & Velichkov","slug":"djingov-gouginski-kyutchukov-velichkov","cls":"neutral","country":"BG","tier":"monitored","kind":"organization","city":"Sofia","aumM":null,"sort":-7000,"prec":"city","mock":false}},{"type":"Feature","geometry":{"type":"Point","coordinates":[23.3217359,42.6977028]},"properties":{"icon":"p-united-bulgarian-bank","name":"United Bulgarian Bank","slug":"united-bulgarian-bank","cls":"neutral","country":"BG","tier":"monitored","kind":"organization","city":"Sofia","aumM":null,"sort":-7000,"prec":"city","mock":false}},{"type":"Feature","geometry":{"type":"Point","coordinates":[23.3217359,42.6977028]},"properties":{"icon":"p-morningside-hill-capital","name":"Morningside Hill Capital","slug":"morningside-hill-capital","cls":"neutral","country":"BG","tier":"monitored","kind":"organization","city":"Sofia","aumM":null,"sort":-7000,"prec":"city","mock":false}},{"type":"Feature","geometry":{"type":"Point","coordinates":[23.2910114,42.7044335]},"properties":{"icon":"p-dogovoren-fond-konkord-fond-2-akcii","name":"ДОГОВОРЕН ФОНД \"КОНКОРД ФОНД-2 АКЦИИ","slug":"dogovoren-fond-konkord-fond-2-akcii","cls":"neutral","country":"BG","tier":"register","kind":"organization","city":"Sofia","aumM":null,"sort":0,"prec":"street","mock":false}},{"type":"Feature","geometry":{"type":"Point","coordinates":[23.2910114,42.7044335]},"properties":{"icon":"p-dogovoren-fond-konkord-fond-6-obligacii","name":"Договорен фонд КОНКОРД ФОНД -6 ОБЛИГАЦИИ","slug":"dogovoren-fond-konkord-fond-6-obligacii","cls":"neutral","country":"BG","tier":"register","kind":"organization","city":"Sofia","aumM":null,"sort":0,"prec":"street","mock":false}},{"type":"Feature","geometry":{"type":"Point","coordinates":[23.2910114,42.7044335]},"properties":{"icon":"p-dogovoren-fond-konkord-fond-3-sektor-nedvizimi-imoti","name":"ДОГОВОРЕН ФОНД КОНКОРД ФОНД - 3 СЕКТОР НЕДВИЖИМИ ИМОТИ","slug":"dogovoren-fond-konkord-fond-3-sektor-nedvizimi-imoti","cls":"neutral","country":"BG","tier":"register","kind":"organization","city":"Sofia","aumM":null,"sort":0,"prec":"street","mock":false}},{"type":"Feature","geometry":{"type":"Point","coordinates":[23.2910114,42.7044335]},"properties":{"icon":"p-dogovoren-fond-konkord-fond-1-akcii-i-obligacii","name":"ДОГОВОРЕН ФОНД \"КОНКОРД ФОНД - 1 АКЦИИ И ОБЛИГАЦИИ\"","slug":"dogovoren-fond-konkord-fond-1-akcii-i-obligacii","cls":"neutral","country":"BG","tier":"register","kind":"organization","city":"Sofia","aumM":null,"sort":0,"prec":"street","mock":false}},{"type":"Feature","geometry":{"type":"Point","coordinates":[23.2910114,42.7044335]},"properties":{"icon":"p-dogovoren-fond-konkord-fond-4-energetika","name":"ДОГОВОРЕН ФОНД КОНКОРД ФОНД -4 Енергетика","slug":"dogovoren-fond-konkord-fond-4-energetika","cls":"neutral","country":"BG","tier":"register","kind":"organization","city":"Sofia","aumM":null,"sort":0,"prec":"street","mock":false}},{"type":"Feature","geometry":{"type":"Point","coordinates":[23.2910114,42.7044335]},"properties":{"icon":"p-dogovoren-fond-konkord-fond-5-cie","name":"ДОГОВОРЕН ФОНД КОНКОРД ФОНД-5 ЦИЕ","slug":"dogovoren-fond-konkord-fond-5-cie","cls":"neutral","country":"BG","tier":"register","kind":"organization","city":"Sofia","aumM":null,"sort":0,"prec":"street","mock":false}},{"type":"Feature","geometry":{"type":"Point","coordinates":[23.3217359,42.6977028]},"properties":{"icon":"p-ekspat-aset-menidzmnt-ead","name":"ЕКСПАТ АСЕТ МЕНИДЖМЪНТ ЕАД","slug":"ekspat-aset-menidzmnt-ead","cls":"neutral","country":"BG","tier":"register","kind":"organization","city":"Sofia","aumM":null,"sort":-900,"prec":"city","mock":false}},{"type":"Feature","geometry":{"type":"Point","coordinates":[23.3217359,42.6977028]},"properties":{"icon":"p-elana-fond-menidzmnt","name":"ЕЛАНА ФОНД МЕНИДЖМЪНТ","slug":"elana-fond-menidzmnt","cls":"neutral","country":"BG","tier":"register","kind":"organization","city":"Sofia","aumM":null,"sort":-550,"prec":"city","mock":false}},{"type":"Feature","geometry":{"type":"Point","coordinates":[23.3217359,42.6977028]},"properties":{"icon":"p-karol-kapital-menidzmnt","name":"КАРОЛ КАПИТАЛ МЕНИДЖМЪНТ","slug":"karol-kapital-menidzmnt","cls":"neutral","country":"BG","tier":"register","kind":"organization","city":"Sofia","aumM":null,"sort":-400,"prec":"city","mock":false}},{"type":"Feature","geometry":{"type":"Point","coordinates":[23.3217359,42.6977028]},"properties":{"icon":"p-kapman-aset-menidzmnt","name":"КАПМАН АСЕТ МЕНИДЖМЪНТ","slug":"kapman-aset-menidzmnt","cls":"neutral","country":"BG","tier":"register","kind":"organization","city":"Sofia","aumM":null,"sort":-250,"prec":"city","mock":false}},{"type":"Feature","geometry":{"type":"Point","coordinates":[23.3217359,42.6977028]},"properties":{"icon":"p-pensionnoosiguritelno-akcionerno-druzestvo-ckb-sila","name":"ПЕНСИОННООСИГУРИТЕЛНО АКЦИОНЕРНО ДРУЖЕСТВО \"ЦКБ-СИЛА\"","slug":"pensionnoosiguritelno-akcionerno-druzestvo-ckb-sila","cls":"neutral","country":"BG","tier":"register","kind":"organization","city":"Sofia","aumM":null,"sort":-250,"prec":"city","mock":false}},{"type":"Feature","geometry":{"type":"Point","coordinates":[23.3217359,42.6977028]},"properties":{"icon":"p-invest-fond-menidzmnt-ad","name":"ИНВЕСТ ФОНД МЕНИДЖМЪНТ\" АД","slug":"invest-fond-menidzmnt-ad","cls":"neutral","country":"BG","tier":"register","kind":"organization","city":"Sofia","aumM":null,"sort":-200,"prec":"city","mock":false}},{"type":"Feature","geometry":{"type":"Point","coordinates":[23.3217359,42.6977028]},"properties":{"icon":"p-pfbk-aset-menidzmnt","name":"ПФБК Асет Мениджмънт","slug":"pfbk-aset-menidzmnt","cls":"neutral","country":"BG","tier":"register","kind":"organization","city":"Sofia","aumM":null,"sort":-200,"prec":"city","mock":false}},{"type":"Feature","geometry":{"type":"Point","coordinates":[23.3217359,42.6977028]},"properties":{"icon":"p-teksim-aset-menidzmnt","name":"ТЕКСИМ АСЕТ МЕНИДЖМЪНТ","slug":"teksim-aset-menidzmnt","cls":"neutral","country":"BG","tier":"register","kind":"organization","city":"Sofia","aumM":null,"sort":-200,"prec":"city","mock":false}},{"type":"Feature","geometry":{"type":"Point","coordinates":[23.3217359,42.6977028]},"properties":{"icon":"p-trend-aset-menidzmnt-ad","name":"ТРЕНД АСЕТ МЕНИДЖМЪНТ АД","slug":"trend-aset-menidzmnt-ad","cls":"neutral","country":"BG","tier":"register","kind":"organization","city":"Sofia","aumM":null,"sort":-200,"prec":"city","mock":false}},{"type":"Feature","geometry":{"type":"Point","coordinates":[23.3217359,42.6977028]},"properties":{"icon":"p-pensionno-osiguritelno-druzestvo-alianc-blgari","name":"ПЕНСИОННО ОСИГУРИТЕЛНО ДРУЖЕСТВО АЛИАНЦ БЪЛГАРИЯ","slug":"pensionno-osiguritelno-druzestvo-alianc-blgari","cls":"neutral","country":"BG","tier":"register","kind":"organization","city":"Sofia","aumM":null,"sort":-150,"prec":"city","mock":false}},{"type":"Feature","geometry":{"type":"Point","coordinates":[23.3217359,42.6977028]},"properties":{"icon":"p-ska-upravlenie-na-aktivi-ad","name":"СКАЙ УПРАВЛЕНИЕ НА АКТИВИ АД","slug":"ska-upravlenie-na-aktivi-ad","cls":"neutral","country":"BG","tier":"register","kind":"organization","city":"Sofia","aumM":null,"sort":-150,"prec":"city","mock":false}},{"type":"Feature","geometry":{"type":"Point","coordinates":[23.3217359,42.6977028]},"properties":{"icon":"p-upravlvao-druzestvo-obinska-banka-aset-menidzmnt","name":"УПРАВЛЯВАЩО ДРУЖЕСТВО ОБЩИНСКА БАНКА АСЕТ МЕНИДЖМЪНТ","slug":"upravlvao-druzestvo-obinska-banka-aset-menidzmnt","cls":"neutral","country":"BG","tier":"register","kind":"organization","city":"Sofia","aumM":null,"sort":-100,"prec":"city","mock":false}},{"type":"Feature","geometry":{"type":"Point","coordinates":[23.3217359,42.6977028]},"properties":{"icon":"p-konkord-aset-menidzmnt","name":"КОНКОРД АСЕТ МЕНИДЖМЪНТ","slug":"konkord-aset-menidzmnt","cls":"neutral","country":"BG","tier":"register","kind":"organization","city":"Sofia","aumM":null,"sort":-100,"prec":"city","mock":false}},{"type":"Feature","geometry":{"type":"Point","coordinates":[23.3217359,42.6977028]},"properties":{"icon":"p-pensionno-osiguritelno-druzestvo-toplina","name":"Пенсионно осигурително дружество Топлина","slug":"pensionno-osiguritelno-druzestvo-toplina","cls":"neutral","country":"BG","tier":"register","kind":"organization","city":"Sofia","aumM":null,"sort":-100,"prec":"city","mock":false}},{"type":"Feature","geometry":{"type":"Point","coordinates":[23.3217359,42.6977028]},"properties":{"icon":"p-di-vi-aset-menidzmnt-ead","name":"Ди Ви Асет Мениджмънт ЕАД","slug":"di-vi-aset-menidzmnt-ead","cls":"neutral","country":"BG","tier":"register","kind":"organization","city":"Sofia","aumM":null,"sort":-100,"prec":"city","mock":false}},{"type":"Feature","geometry":{"type":"Point","coordinates":[23.3217359,42.6977028]},"properties":{"icon":"p-impakt-kapital","name":"ИМПАКТ КАПИТАЛ","slug":"impakt-kapital","cls":"neutral","country":"BG","tier":"register","kind":"organization","city":"Sofia","aumM":null,"sort":-100,"prec":"city","mock":false}},{"type":"Feature","geometry":{"type":"Point","coordinates":[23.3217359,42.6977028]},"properties":{"icon":"p-trend-balansiran-fond","name":"ТРЕНД БАЛАНСИРАН ФОНД","slug":"trend-balansiran-fond","cls":"neutral","country":"BG","tier":"register","kind":"organization","city":"Sofia","aumM":null,"sort":-50,"prec":"city","mock":false}},{"type":"Feature","geometry":{"type":"Point","coordinates":[25.2829111,54.6870458]},"properties":{"icon":"p-contrarian-ventures","name":"Contrarian Ventures","slug":"contrarian-ventures","cls":"neutral","country":"LT","tier":"monitored","kind":"organization","city":"Vilnius","aumM":null,"sort":-7050,"prec":"city","mock":false}},{"type":"Feature","geometry":{"type":"Point","coordinates":[25.2829111,54.6870458]},"properties":{"icon":"p-invl-asset-management","name":"INVL Asset Management","slug":"invl-asset-management","cls":"neutral","country":"LT","tier":"monitored","kind":"organization","city":"Vilnius","aumM":null,"sort":-7000,"prec":"city","mock":false}},{"type":"Feature","geometry":{"type":"Point","coordinates":[25.2829111,54.6870458]},"properties":{"icon":"p-walless","name":"Walless","slug":"walless","cls":"neutral","country":"LT","tier":"monitored","kind":"organization","city":"Vilnius","aumM":null,"sort":-7000,"prec":"city","mock":false}},{"type":"Feature","geometry":{"type":"Point","coordinates":[25.2829111,54.6870458]},"properties":{"icon":"p-practica-capital","name":"Practica Capital","slug":"practica-capital","cls":"neutral","country":"LT","tier":"monitored","kind":"organization","city":"Vilnius","aumM":null,"sort":-7000,"prec":"city","mock":false}},{"type":"Feature","geometry":{"type":"Point","coordinates":[25.2829111,54.6870458]},"properties":{"icon":"p-iron-wolf-capital","name":"Iron Wolf Capital","slug":"iron-wolf-capital","cls":"neutral","country":"LT","tier":"monitored","kind":"organization","city":"Vilnius","aumM":null,"sort":-7000,"prec":"city","mock":false}},{"type":"Feature","geometry":{"type":"Point","coordinates":[25.2829111,54.6870458]},"properties":{"icon":"p-litban","name":"LitBAN","slug":"litban","cls":"neutral","country":"LT","tier":"monitored","kind":"organization","city":"Vilnius","aumM":null,"sort":-7000,"prec":"city","mock":false}},{"type":"Feature","geometry":{"type":"Point","coordinates":[25.2829111,54.6870458]},"properties":{"icon":"p-tgs-baltic","name":"TGS Baltic","slug":"tgs-baltic","cls":"neutral","country":"LT","tier":"monitored","kind":"organization","city":"Vilnius","aumM":null,"sort":-7000,"prec":"city","mock":false}},{"type":"Feature","geometry":{"type":"Point","coordinates":[25.2829111,54.6870458]},"properties":{"icon":"p-litcapital","name":"LitCapital","slug":"litcapital","cls":"neutral","country":"LT","tier":"monitored","kind":"organization","city":"Vilnius","aumM":null,"sort":-7000,"prec":"city","mock":false}},{"type":"Feature","geometry":{"type":"Point","coordinates":[25.2829111,54.6870458]},"properties":{"icon":"p-firstpick","name":"Firstpick","slug":"firstpick","cls":"neutral","country":"LT","tier":"monitored","kind":"organization","city":"Vilnius","aumM":null,"sort":-7000,"prec":"city","mock":false}},{"type":"Feature","geometry":{"type":"Point","coordinates":[25.2829111,54.6870458]},"properties":{"icon":"p-uzdaroji-akcin-bendrov-nter-asset-management","name":"Uždaroji akcinė bendrovė Nter Asset Management","slug":"uzdaroji-akcin-bendrov-nter-asset-management","cls":"neutral","country":"LT","tier":"register","kind":"organization","city":"Vilnius","aumM":null,"sort":-350,"prec":"city","mock":false}},{"type":"Feature","geometry":{"type":"Point","coordinates":[25.2829111,54.6870458]},"properties":{"icon":"p-swedbank-investiciju-valdymas-uab","name":"Swedbank Investiciju valdymas, UAB","slug":"swedbank-investiciju-valdymas-uab","cls":"neutral","country":"LT","tier":"register","kind":"organization","city":"Vilnius","aumM":null,"sort":-250,"prec":"city","mock":false}},{"type":"Feature","geometry":{"type":"Point","coordinates":[25.2829111,54.6870458]},"properties":{"icon":"p-uab-artea-asset-management","name":"UAB \"Artea Asset Management\"","slug":"uab-artea-asset-management","cls":"neutral","country":"LT","tier":"register","kind":"organization","city":"Vilnius","aumM":null,"sort":-200,"prec":"city","mock":false}},{"type":"Feature","geometry":{"type":"Point","coordinates":[25.2829111,54.6870458]},"properties":{"icon":"p-uab-milvas","name":"UAB \"Milvas\"","slug":"uab-milvas","cls":"neutral","country":"LT","tier":"register","kind":"organization","city":"Vilnius","aumM":null,"sort":-100,"prec":"city","mock":false}},{"type":"Feature","geometry":{"type":"Point","coordinates":[25.2829111,54.6870458]},"properties":{"icon":"p-uab-lords-lb-asset-management","name":"UAB \"LORDS LB ASSET MANAGEMENT\"","slug":"uab-lords-lb-asset-management","cls":"neutral","country":"LT","tier":"register","kind":"organization","city":"Vilnius","aumM":null,"sort":-100,"prec":"city","mock":false}},{"type":"Feature","geometry":{"type":"Point","coordinates":[25.2829111,54.6870458]},"properties":{"icon":"p-uab-seb-investicij-valdymas","name":"UAB \"SEB investicijų valdymas\"","slug":"uab-seb-investicij-valdymas","cls":"neutral","country":"LT","tier":"register","kind":"organization","city":"Vilnius","aumM":null,"sort":-100,"prec":"city","mock":false}},{"type":"Feature","geometry":{"type":"Point","coordinates":[25.2829111,54.6870458]},"properties":{"icon":"p-aggressive-capital-uab","name":"Aggressive capital, UAB","slug":"aggressive-capital-uab","cls":"neutral","country":"LT","tier":"register","kind":"organization","city":"Vilnius","aumM":null,"sort":-100,"prec":"city","mock":false}},{"type":"Feature","geometry":{"type":"Point","coordinates":[25.2829111,54.6870458]},"properties":{"icon":"p-multi-asset-selection-fund","name":"Multi Asset Selection Fund","slug":"multi-asset-selection-fund","cls":"neutral","country":"LT","tier":"register","kind":"organization","city":"Vilnius","aumM":null,"sort":-50,"prec":"city","mock":false}},{"type":"Feature","geometry":{"type":"Point","coordinates":[25.2829111,54.6870458]},"properties":{"icon":"p-lords-lb-baltic-green-fund-v","name":"LORDS LB BALTIC GREEN FUND (V)","slug":"lords-lb-baltic-green-fund-v","cls":"neutral","country":"LT","tier":"register","kind":"organization","city":"Vilnius","aumM":null,"sort":-50,"prec":"city","mock":false}},{"type":"Feature","geometry":{"type":"Point","coordinates":[25.2829111,54.6870458]},"properties":{"icon":"p-axia-capital","name":"Axia Capital","slug":"axia-capital","cls":"neutral","country":"LT","tier":"register","kind":"organization","city":"Vilnius","aumM":null,"sort":-50,"prec":"city","mock":false}},{"type":"Feature","geometry":{"type":"Point","coordinates":[25.2829111,54.6870458]},"properties":{"icon":"p-uab-atelier-investment-management","name":"UAB \"Atelier Investment Management\"","slug":"uab-atelier-investment-management","cls":"neutral","country":"LT","tier":"register","kind":"organization","city":"Vilnius","aumM":null,"sort":-50,"prec":"city","mock":false}},{"type":"Feature","geometry":{"type":"Point","coordinates":[25.2829111,54.6870458]},"properties":{"icon":"p-orion-re-income-fund-i","name":"ORION RE Income Fund I","slug":"orion-re-income-fund-i","cls":"neutral","country":"LT","tier":"register","kind":"organization","city":"Vilnius","aumM":null,"sort":-50,"prec":"city","mock":false}},{"type":"Feature","geometry":{"type":"Point","coordinates":[25.2856227,54.6828498]},"properties":{"icon":"p-evernord-asset-management-uab","name":"Evernord Asset Management UAB","slug":"evernord-asset-management-uab","cls":"neutral","country":"LT","tier":"register","kind":"organization","city":"Vilnius","aumM":null,"sort":-50,"prec":"city","mock":false}},{"type":"Feature","geometry":{"type":"Point","coordinates":[25.2829111,54.6870458]},"properties":{"icon":"p-artea-stabilus-58","name":"Artea Stabilus 58+","slug":"artea-stabilus-58","cls":"neutral","country":"LT","tier":"register","kind":"organization","city":"Vilnius","aumM":null,"sort":-50,"prec":"city","mock":false}},{"type":"Feature","geometry":{"type":"Point","coordinates":[25.2829111,54.6870458]},"properties":{"icon":"p-uzdarojo-tipo-informuotiesiems-investuotojams-skirtas-investicinis-fondas-nter-usa-logistics-fund","name":"Uždarojo tipo informuotiesiems investuotojams skirtas investicinis fondas „Nter USA Logistics Fund“","slug":"uzdarojo-tipo-informuotiesiems-investuotojams-skirtas-investicinis-fondas-nter-usa-logistics-fund","cls":"neutral","country":"LT","tier":"register","kind":"organization","city":"Vilnius","aumM":null,"sort":-50,"prec":"city","mock":false}},{"type":"Feature","geometry":{"type":"Point","coordinates":[25.2829111,54.6870458]},"properties":{"icon":"p-uab-prudentis","name":"UAB \"Prudentis\"","slug":"uab-prudentis","cls":"neutral","country":"LT","tier":"register","kind":"organization","city":"Vilnius","aumM":null,"sort":-50,"prec":"city","mock":false}},{"type":"Feature","geometry":{"type":"Point","coordinates":[25.2829111,54.6870458]},"properties":{"icon":"p-pensijos-fondas-60-apriboto-nutraukimo","name":"Pensijos fondas 60+ (apriboto nutraukimo)","slug":"pensijos-fondas-60-apriboto-nutraukimo","cls":"neutral","country":"LT","tier":"register","kind":"organization","city":"Vilnius","aumM":null,"sort":-50,"prec":"city","mock":false}},{"type":"Feature","geometry":{"type":"Point","coordinates":[25.2829111,54.6870458]},"properties":{"icon":"p-taurus-investment-fund","name":"Taurus Investment Fund","slug":"taurus-investment-fund","cls":"neutral","country":"LT","tier":"register","kind":"organization","city":"Vilnius","aumM":null,"sort":-50,"prec":"city","mock":false}},{"type":"Feature","geometry":{"type":"Point","coordinates":[25.2829111,54.6870458]},"properties":{"icon":"p-uzdarojo-tipo-informuotiesiems-investuotojams-skirtas-investicinis-fondas-nter-usa-private-equity-fund","name":"Uždarojo tipo informuotiesiems investuotojams skirtas investicinis fondas „Nter USA Private Equity Fund“","slug":"uzdarojo-tipo-informuotiesiems-investuotojams-skirtas-investicinis-fondas-nter-usa-private-equity-fund","cls":"neutral","country":"LT","tier":"register","kind":"organization","city":"Vilnius","aumM":null,"sort":-50,"prec":"city","mock":false}},{"type":"Feature","geometry":{"type":"Point","coordinates":[25.2829111,54.6870458]},"properties":{"icon":"p-artea-emerging-markets-ex-dictatorship-subfund","name":"Artea Emerging Markets Ex-Dictatorship subfund","slug":"artea-emerging-markets-ex-dictatorship-subfund","cls":"neutral","country":"LT","tier":"register","kind":"organization","city":"Vilnius","aumM":null,"sort":-50,"prec":"city","mock":false}},{"type":"Feature","geometry":{"type":"Point","coordinates":[25.2829111,54.6870458]},"properties":{"icon":"p-equity-and-options-trading-fund","name":"Equity and Options Trading Fund","slug":"equity-and-options-trading-fund","cls":"neutral","country":"LT","tier":"register","kind":"organization","city":"Vilnius","aumM":null,"sort":-50,"prec":"city","mock":false}},{"type":"Feature","geometry":{"type":"Point","coordinates":[17.1093063,48.1516988]},"properties":{"icon":"p-sandberg-capital","name":"Sandberg Capital","slug":"sandberg-capital","cls":"neutral","country":"SK","tier":"monitored","kind":"organization","city":"Bratislava","aumM":null,"sort":-7100,"prec":"city","mock":false}},{"type":"Feature","geometry":{"type":"Point","coordinates":[17.1093063,48.1516988]},"properties":{"icon":"p-slovak-investment-holding","name":"Slovak Investment Holding","slug":"slovak-investment-holding","cls":"neutral","country":"SK","tier":"monitored","kind":"organization","city":"Bratislava","aumM":null,"sort":-7000,"prec":"city","mock":false}},{"type":"Feature","geometry":{"type":"Point","coordinates":[17.1093063,48.1516988]},"properties":{"icon":"p-slovensk-sporitea","name":"Slovenská sporiteľňa","slug":"slovensk-sporitea","cls":"neutral","country":"SK","tier":"register","kind":"organization","city":"Bratislava","aumM":null,"sort":-7000,"prec":"city","mock":false}},{"type":"Feature","geometry":{"type":"Point","coordinates":[17.1093063,48.1516988]},"properties":{"icon":"p-tatra-asset-management-sprav-spol-a-s","name":"Tatra Asset Management, správ. spol., a. s.","slug":"tatra-asset-management-sprav-spol-a-s","cls":"neutral","country":"SK","tier":"register","kind":"organization","city":"Bratislava","aumM":null,"sort":-1450,"prec":"city","mock":false}},{"type":"Feature","geometry":{"type":"Point","coordinates":[17.1093063,48.1516988]},"properties":{"icon":"p-365investspravspol-a-s","name":"365.invest,správ.spol., a. s.","slug":"365investspravspol-a-s","cls":"neutral","country":"SK","tier":"register","kind":"organization","city":"Bratislava","aumM":null,"sort":-550,"prec":"city","mock":false}},{"type":"Feature","geometry":{"type":"Point","coordinates":[17.1093063,48.1516988]},"properties":{"icon":"p-doplnkova-dochodkova-spolocnost-tatra-banky-as-2","name":"Doplnková dôchodková spoločnosť Tatra banky, a.s.","slug":"doplnkova-dochodkova-spolocnost-tatra-banky-as-2","cls":"neutral","country":"SK","tier":"register","kind":"organization","city":"Bratislava","aumM":null,"sort":-300,"prec":"city","mock":false}},{"type":"Feature","geometry":{"type":"Point","coordinates":[17.1123274,48.1405887]},"properties":{"icon":"p-jt-investicna-spolocnost-sprav-spol-as-2","name":"J&T INVESTIČNÁ SPOLOČNOSŤ, správ. spol., a.s.","slug":"jt-investicna-spolocnost-sprav-spol-as-2","cls":"neutral","country":"SK","tier":"register","kind":"organization","city":"Bratislava","aumM":null,"sort":-300,"prec":"city","mock":false}},{"type":"Feature","geometry":{"type":"Point","coordinates":[17.1093063,48.1516988]},"properties":{"icon":"p-nn-dochodkova-spravcovska-spolocnost-as-2","name":"NN dôchodková správcovská spoločnosť, a.s.","slug":"nn-dochodkova-spravcovska-spolocnost-as-2","cls":"neutral","country":"SK","tier":"register","kind":"organization","city":"Bratislava","aumM":null,"sort":-250,"prec":"city","mock":false}},{"type":"Feature","geometry":{"type":"Point","coordinates":[17.1093063,48.1516988]},"properties":{"icon":"p-nn-tatry-sympatia-dds-as-2","name":"NN Tatry - Sympatia, d.d.s., a.s.","slug":"nn-tatry-sympatia-dds-as-2","cls":"neutral","country":"SK","tier":"register","kind":"organization","city":"Bratislava","aumM":null,"sort":-250,"prec":"city","mock":false}},{"type":"Feature","geometry":{"type":"Point","coordinates":[17.1123274,48.1405887]},"properties":{"icon":"p-stonebridge-capital-management-s-r-o","name":"STONEBRIDGE CAPITAL Management s. r. o.","slug":"stonebridge-capital-management-s-r-o","cls":"neutral","country":"SK","tier":"register","kind":"organization","city":"Bratislava","aumM":null,"sort":-250,"prec":"city","mock":false}},{"type":"Feature","geometry":{"type":"Point","coordinates":[17.1093063,48.1516988]},"properties":{"icon":"p-vub-generali-dochodkova-spravcovska-spolocnost-as-2","name":"VÚB Generali dôchodková správcovská spoločnosť, a.s.","slug":"vub-generali-dochodkova-spravcovska-spolocnost-as-2","cls":"neutral","country":"SK","tier":"register","kind":"organization","city":"Bratislava","aumM":null,"sort":-200,"prec":"city","mock":false}},{"type":"Feature","geometry":{"type":"Point","coordinates":[17.1093063,48.1516988]},"properties":{"icon":"p-uniqa-dds-as-2","name":"UNIQA d.d.s., a.s.","slug":"uniqa-dds-as-2","cls":"neutral","country":"SK","tier":"register","kind":"organization","city":"Bratislava","aumM":null,"sort":-200,"prec":"city","mock":false}},{"type":"Feature","geometry":{"type":"Point","coordinates":[17.1123274,48.1405887]},"properties":{"icon":"p-vosem-capital-sprav-spol-a-s-2","name":"VOSEM Capital, správ. spol., a. s.","slug":"vosem-capital-sprav-spol-a-s-2","cls":"neutral","country":"SK","tier":"register","kind":"organization","city":"Bratislava","aumM":null,"sort":-150,"prec":"city","mock":false}},{"type":"Feature","geometry":{"type":"Point","coordinates":[17.1093063,48.1516988]},"properties":{"icon":"p-kooperativa-dss-as-2","name":"KOOPERATIVA, d.s.s., a.s.","slug":"kooperativa-dss-as-2","cls":"neutral","country":"SK","tier":"register","kind":"organization","city":"Bratislava","aumM":null,"sort":-150,"prec":"city","mock":false}},{"type":"Feature","geometry":{"type":"Point","coordinates":[17.1112897,48.110972]},"properties":{"icon":"p-penta-bank-as","name":"Penta Bank, a.s.","slug":"penta-bank-as","cls":"neutral","country":"SK","tier":"register","kind":"organization","city":"Bratislava","aumM":null,"sort":-150,"prec":"city","mock":false}},{"type":"Feature","geometry":{"type":"Point","coordinates":[17.1093063,48.1516988]},"properties":{"icon":"p-uniqa-dss-as-2","name":"UNIQA d.s.s., a.s.","slug":"uniqa-dss-as-2","cls":"neutral","country":"SK","tier":"register","kind":"organization","city":"Bratislava","aumM":null,"sort":-150,"prec":"city","mock":false}},{"type":"Feature","geometry":{"type":"Point","coordinates":[17.1123274,48.1405887]},"properties":{"icon":"p-allianz-slovenska-dochodkova-spravcovska-spolocnost-as-2","name":"Allianz - Slovenská dôchodková správcovská spoločnosť, a.s.","slug":"allianz-slovenska-dochodkova-spravcovska-spolocnost-as-2","cls":"neutral","country":"SK","tier":"register","kind":"organization","city":"Bratislava","aumM":null,"sort":-100,"prec":"city","mock":false}},{"type":"Feature","geometry":{"type":"Point","coordinates":[17.1093063,48.1516988]},"properties":{"icon":"p-sandberg-capital-sprav-spol-as-2","name":"Sandberg Capital, správ. spol., a.s.","slug":"sandberg-capital-sprav-spol-as-2","cls":"neutral","country":"SK","tier":"register","kind":"organization","city":"Bratislava","aumM":null,"sort":-100,"prec":"city","mock":false}},{"type":"Feature","geometry":{"type":"Point","coordinates":[17.1112897,48.110972]},"properties":{"icon":"p-partners-asset-management-sprav-spol-as-2","name":"PARTNERS ASSET MANAGEMENT, správ. spol., a.s.","slug":"partners-asset-management-sprav-spol-as-2","cls":"neutral","country":"SK","tier":"register","kind":"organization","city":"Bratislava","aumM":null,"sort":-100,"prec":"city","mock":false}},{"type":"Feature","geometry":{"type":"Point","coordinates":[17.1093063,48.1516988]},"properties":{"icon":"p-tatra-asset-management-sprav-spol-as-investicna-strategia-synergiq-opf","name":"Tatra Asset Management, správ. spol., a.s., Investičná stratégia SynergiQ o.p.f.","slug":"tatra-asset-management-sprav-spol-as-investicna-strategia-synergiq-opf","cls":"neutral","country":"SK","tier":"register","kind":"organization","city":"Bratislava","aumM":null,"sort":-50,"prec":"city","mock":false}},{"type":"Feature","geometry":{"type":"Point","coordinates":[17.1123274,48.1405887]},"properties":{"icon":"p-stonebridge-capital-investment-fund-investicny-fond-s-premenlivym-zakladnym-imanim","name":"STONEBRIDGE CAPITAL INVESTMENT FUND, investičný fond s premenlivým základným imaním","slug":"stonebridge-capital-investment-fund-investicny-fond-s-premenlivym-zakladnym-imanim","cls":"neutral","country":"SK","tier":"register","kind":"organization","city":"Bratislava","aumM":null,"sort":-50,"prec":"city","mock":false}},{"type":"Feature","geometry":{"type":"Point","coordinates":[17.1093063,48.1516988]},"properties":{"icon":"p-tatra-asset-management-sprav-spol-as-globalny-akciovy-opf","name":"Tatra Asset Management, správ. spol., a.s., globálny akciový o.p.f.","slug":"tatra-asset-management-sprav-spol-as-globalny-akciovy-opf","cls":"neutral","country":"SK","tier":"register","kind":"organization","city":"Bratislava","aumM":null,"sort":-50,"prec":"city","mock":false}},{"type":"Feature","geometry":{"type":"Point","coordinates":[17.1093063,48.1516988]},"properties":{"icon":"p-tatra-asset-management-sprav-spol-as-global-megatrends-opf","name":"Tatra Asset Management, správ. spol., a.s., global megatrends o.p.f.","slug":"tatra-asset-management-sprav-spol-as-global-megatrends-opf","cls":"neutral","country":"SK","tier":"register","kind":"organization","city":"Bratislava","aumM":null,"sort":-50,"prec":"city","mock":false}},{"type":"Feature","geometry":{"type":"Point","coordinates":[17.1093063,48.1516988]},"properties":{"icon":"p-tatra-asset-management-sprav-spol-as-private-growth-opf","name":"Tatra Asset Management, správ. spol., a.s., Private Growth o.p.f.","slug":"tatra-asset-management-sprav-spol-as-private-growth-opf","cls":"neutral","country":"SK","tier":"register","kind":"organization","city":"Bratislava","aumM":null,"sort":-50,"prec":"city","mock":false}},{"type":"Feature","geometry":{"type":"Point","coordinates":[17.1123274,48.1405887]},"properties":{"icon":"p-jt-select-zmiesany-opf-jt-investicna-spolocnost-sprav-spol-as","name":"J&T SELECT zmiešaný o.p.f. – J&T INVESTIČNÁ SPOLOČNOSŤ, správ. spol., a.s.","slug":"jt-select-zmiesany-opf-jt-investicna-spolocnost-sprav-spol-as","cls":"neutral","country":"SK","tier":"register","kind":"organization","city":"Bratislava","aumM":null,"sort":-50,"prec":"city","mock":false}},{"type":"Feature","geometry":{"type":"Point","coordinates":[17.1123274,48.1405887]},"properties":{"icon":"p-jt-global-eur-akciovy-opf-jt-investicna-spolocnost-sprav-spol-as","name":"J&T GLOBAL EUR akciový o.p.f. - J&T INVESTIČNÁ SPOLOČNOSŤ, správ. spol., a.s.","slug":"jt-global-eur-akciovy-opf-jt-investicna-spolocnost-sprav-spol-as","cls":"neutral","country":"SK","tier":"register","kind":"organization","city":"Bratislava","aumM":null,"sort":-50,"prec":"city","mock":false}},{"type":"Feature","geometry":{"type":"Point","coordinates":[17.1123274,48.1405887]},"properties":{"icon":"p-jt-bond-eur-zmiesany-opf-jt-investicna-spolocnost-sprav-spol-as","name":"J&T BOND EUR zmiešaný o.p.f. - J&T INVESTIČNÁ SPOLOČNOSŤ, správ. spol., a.s.","slug":"jt-bond-eur-zmiesany-opf-jt-investicna-spolocnost-sprav-spol-as","cls":"neutral","country":"SK","tier":"register","kind":"organization","city":"Bratislava","aumM":null,"sort":-50,"prec":"city","mock":false}},{"type":"Feature","geometry":{"type":"Point","coordinates":[17.1112897,48.110972]},"properties":{"icon":"p-partners-fond-realitnych-investicii-opf-partners-asset-management-sprav-spol-a-s","name":"PARTNERS Fond realitných investícií, o.p.f., PARTNERS ASSET MANAGEMENT, správ. spol., a. s.","slug":"partners-fond-realitnych-investicii-opf-partners-asset-management-sprav-spol-a-s","cls":"neutral","country":"SK","tier":"register","kind":"organization","city":"Bratislava","aumM":null,"sort":-50,"prec":"city","mock":false}},{"type":"Feature","geometry":{"type":"Point","coordinates":[17.1093063,48.1516988]},"properties":{"icon":"p-doplnkova-dochodkova-spolocnost-tatra-banky-as-dochodkovy-vyplatny-ddf","name":"Doplnková dôchodková spoločnosť Tatra banky, a.s., Dôchodkový výplatný d.d.f.","slug":"doplnkova-dochodkova-spolocnost-tatra-banky-as-dochodkovy-vyplatny-ddf","cls":"neutral","country":"SK","tier":"register","kind":"organization","city":"Bratislava","aumM":null,"sort":-50,"prec":"city","mock":false}},{"type":"Feature","geometry":{"type":"Point","coordinates":[17.1093063,48.1516988]},"properties":{"icon":"p-indexovy-negarantovany-i-d-f-uniqa-dss-as","name":"Indexový negarantovaný i. d. f. UNIQA d.s.s., a.s.","slug":"indexovy-negarantovany-i-d-f-uniqa-dss-as","cls":"neutral","country":"SK","tier":"register","kind":"organization","city":"Bratislava","aumM":null,"sort":-50,"prec":"city","mock":false}},{"type":"Feature","geometry":{"type":"Point","coordinates":[14.5069289,46.0500268]},"properties":{"icon":"p-odi-law","name":"ODI Law","slug":"odi-law","cls":"neutral","country":"SI","tier":"monitored","kind":"organization","city":"Ljubljana","aumM":null,"sort":-7000,"prec":"city","mock":false}},{"type":"Feature","geometry":{"type":"Point","coordinates":[14.5069289,46.0500268]},"properties":{"icon":"p-selih-partnerji","name":"Šelih & partnerji","slug":"selih-partnerji","cls":"neutral","country":"SI","tier":"monitored","kind":"organization","city":"Ljubljana","aumM":null,"sort":-7000,"prec":"city","mock":false}},{"type":"Feature","geometry":{"type":"Point","coordinates":[14.5069289,46.0500268]},"properties":{"icon":"p-skb-banka","name":"SKB banka","slug":"skb-banka","cls":"neutral","country":"SI","tier":"monitored","kind":"organization","city":"Ljubljana","aumM":null,"sort":-7000,"prec":"city","mock":false}},{"type":"Feature","geometry":{"type":"Point","coordinates":[14.5069289,46.0500268]},"properties":{"icon":"p-nlb-group","name":"NLB Group","slug":"nlb-group","cls":"neutral","country":"SI","tier":"monitored","kind":"organization","city":"Ljubljana","aumM":null,"sort":-7000,"prec":"city","mock":false}},{"type":"Feature","geometry":{"type":"Point","coordinates":[14.5069289,46.0500268]},"properties":{"icon":"p-sid-banka","name":"SID banka","slug":"sid-banka","cls":"neutral","country":"SI","tier":"monitored","kind":"organization","city":"Ljubljana","aumM":null,"sort":-7000,"prec":"city","mock":false}},{"type":"Feature","geometry":{"type":"Point","coordinates":[14.5135029,46.0630528]},"properties":{"icon":"p-alta-skladi-druzba-za-upravljanje-dd-delniski-podsklad-alta-india","name":"ALTA Skladi, družba za upravljanje, d.d. (Delniški podsklad ALTA INDIA)","slug":"alta-skladi-druzba-za-upravljanje-dd-delniski-podsklad-alta-india","cls":"neutral","country":"SI","tier":"register","kind":"organization","city":"Ljubljana","aumM":null,"sort":0,"prec":"rooftop","mock":false}},{"type":"Feature","geometry":{"type":"Point","coordinates":[14.5135029,46.0630528]},"properties":{"icon":"p-alta-skladi-druzba-za-upravljanje-dd-fleksibilni-mesani-podsklad-alta-high-income","name":"ALTA Skladi, družba za upravljanje, d.d. (Fleksibilni mešani podsklad ALTA HIGH INCOME)","slug":"alta-skladi-druzba-za-upravljanje-dd-fleksibilni-mesani-podsklad-alta-high-income","cls":"neutral","country":"SI","tier":"register","kind":"organization","city":"Ljubljana","aumM":null,"sort":0,"prec":"rooftop","mock":false}},{"type":"Feature","geometry":{"type":"Point","coordinates":[14.5135029,46.0630528]},"properties":{"icon":"p-alta-skladi-druzba-za-upravljanje-dd-delniski-podsklad-alta-global-emerging","name":"ALTA Skladi, družba za upravljanje, d.d. (Delniški podsklad ALTA GLOBAL EMERGING)","slug":"alta-skladi-druzba-za-upravljanje-dd-delniski-podsklad-alta-global-emerging","cls":"neutral","country":"SI","tier":"register","kind":"organization","city":"Ljubljana","aumM":null,"sort":0,"prec":"rooftop","mock":false}},{"type":"Feature","geometry":{"type":"Point","coordinates":[14.5135029,46.0630528]},"properties":{"icon":"p-alta-skladi-druzba-za-upravljanje-dd-fleksibilni-mesani-podsklad-alta-balkan","name":"ALTA Skladi, družba za upravljanje, d.d. (Fleksibilni mešani podsklad ALTA BALKAN)","slug":"alta-skladi-druzba-za-upravljanje-dd-fleksibilni-mesani-podsklad-alta-balkan","cls":"neutral","country":"SI","tier":"register","kind":"organization","city":"Ljubljana","aumM":null,"sort":0,"prec":"rooftop","mock":false}},{"type":"Feature","geometry":{"type":"Point","coordinates":[14.5135029,46.0630528]},"properties":{"icon":"p-alta-skladi-druzba-za-upravljanje-dd-podsklad-denarnega-trga-alta-money-market-eur","name":"ALTA Skladi, družba za upravljanje, d.d. (Podsklad denarnega trga ALTA MONEY MARKET EUR)","slug":"alta-skladi-druzba-za-upravljanje-dd-podsklad-denarnega-trga-alta-money-market-eur","cls":"neutral","country":"SI","tier":"register","kind":"organization","city":"Ljubljana","aumM":null,"sort":0,"prec":"rooftop","mock":false}},{"type":"Feature","geometry":{"type":"Point","coordinates":[14.5135029,46.0630528]},"properties":{"icon":"p-alta-skladi-druzba-za-upravljanje-dd-fleksibilni-mesani-podsklad-alta-abs","name":"ALTA Skladi, družba za upravljanje, d.d. (Fleksibilni mešani podsklad ALTA ABS)","slug":"alta-skladi-druzba-za-upravljanje-dd-fleksibilni-mesani-podsklad-alta-abs","cls":"neutral","country":"SI","tier":"register","kind":"organization","city":"Ljubljana","aumM":null,"sort":0,"prec":"rooftop","mock":false}},{"type":"Feature","geometry":{"type":"Point","coordinates":[14.5135029,46.0630528]},"properties":{"icon":"p-alta-skladi-druzba-za-upravljanje-dd-delniski-podsklad-alta-goods","name":"ALTA Skladi, družba za upravljanje, d.d. (Delniški podsklad ALTA GOODS)","slug":"alta-skladi-druzba-za-upravljanje-dd-delniski-podsklad-alta-goods","cls":"neutral","country":"SI","tier":"register","kind":"organization","city":"Ljubljana","aumM":null,"sort":0,"prec":"rooftop","mock":false}},{"type":"Feature","geometry":{"type":"Point","coordinates":[14.5135029,46.0630528]},"properties":{"icon":"p-alta-skladi-druzba-za-upravljanje-delniski-podsklad-alta-infrastructure","name":"ALTA Skladi, družba za upravljanje (Delniški podsklad ALTA INFRASTRUCTURE)","slug":"alta-skladi-druzba-za-upravljanje-delniski-podsklad-alta-infrastructure","cls":"neutral","country":"SI","tier":"register","kind":"organization","city":"Ljubljana","aumM":null,"sort":0,"prec":"rooftop","mock":false}},{"type":"Feature","geometry":{"type":"Point","coordinates":[14.5135029,46.0630528]},"properties":{"icon":"p-alta-skladi-druzba-za-upravljanje-dd-fleksibilni-mesani-podsklad-jugovzhodna-evropa-altasi","name":"ALTA Skladi, družba za upravljanje, d.d. (Fleksibilni mešani podsklad – Jugovzhodna Evropa ALTA.SI)","slug":"alta-skladi-druzba-za-upravljanje-dd-fleksibilni-mesani-podsklad-jugovzhodna-evropa-altasi","cls":"neutral","country":"SI","tier":"register","kind":"organization","city":"Ljubljana","aumM":null,"sort":0,"prec":"rooftop","mock":false}},{"type":"Feature","geometry":{"type":"Point","coordinates":[14.5135029,46.0630528]},"properties":{"icon":"p-alta-skladi-druzba-za-upravljanje-dd-obvezniski-podsklad-alta-high-yield-bond","name":"ALTA Skladi, družba za upravljanje, d.d. (Obvezniški podsklad ALTA HIGH YIELD BOND)","slug":"alta-skladi-druzba-za-upravljanje-dd-obvezniski-podsklad-alta-high-yield-bond","cls":"neutral","country":"SI","tier":"register","kind":"organization","city":"Ljubljana","aumM":null,"sort":0,"prec":"rooftop","mock":false}},{"type":"Feature","geometry":{"type":"Point","coordinates":[14.5135029,46.0630528]},"properties":{"icon":"p-alta-skladi-druzba-za-upravljanje-dd-obvezniski-podsklad-alta-bond","name":"ALTA Skladi, družba za upravljanje, d.d. (Obvezniški podsklad ALTA BOND)","slug":"alta-skladi-druzba-za-upravljanje-dd-obvezniski-podsklad-alta-bond","cls":"neutral","country":"SI","tier":"register","kind":"organization","city":"Ljubljana","aumM":null,"sort":0,"prec":"rooftop","mock":false}},{"type":"Feature","geometry":{"type":"Point","coordinates":[14.5135029,46.0630528]},"properties":{"icon":"p-alta-skladi-druzba-za-upravljanje-dd-delniski-podsklad-alta-turkey","name":"ALTA Skladi, družba za upravljanje, d.d. (Delniški podsklad ALTA TURKEY)","slug":"alta-skladi-druzba-za-upravljanje-dd-delniski-podsklad-alta-turkey","cls":"neutral","country":"SI","tier":"register","kind":"organization","city":"Ljubljana","aumM":null,"sort":0,"prec":"rooftop","mock":false}},{"type":"Feature","geometry":{"type":"Point","coordinates":[14.5135029,46.0630528]},"properties":{"icon":"p-alta-skladi-druzba-za-upravljanje-dd-delniski-podsklad-alta-health","name":"ALTA Skladi, družba za upravljanje, d.d. (Delniški podsklad ALTA HEALTH)","slug":"alta-skladi-druzba-za-upravljanje-dd-delniski-podsklad-alta-health","cls":"neutral","country":"SI","tier":"register","kind":"organization","city":"Ljubljana","aumM":null,"sort":0,"prec":"rooftop","mock":false}},{"type":"Feature","geometry":{"type":"Point","coordinates":[14.5036359,46.0526649]},"properties":{"icon":"p-triglav-skladi-druzba-za-upravljanje-doo-delniski-podsklad-alta-tech","name":"TRIGLAV SKLADI, družba za upravljanje, d.o.o. (Delniški podsklad ALTA TECH)","slug":"triglav-skladi-druzba-za-upravljanje-doo-delniski-podsklad-alta-tech","cls":"neutral","country":"SI","tier":"register","kind":"organization","city":"Ljubljana","aumM":null,"sort":0,"prec":"street","mock":false}},{"type":"Feature","geometry":{"type":"Point","coordinates":[14.5036359,46.0526649]},"properties":{"icon":"p-triglav-skladi-druzba-za-upravljanje-doo-delniski-podsklad-alta-usa","name":"TRIGLAV SKLADI, družba za upravljanje, d.o.o. (Delniški podsklad ALTA USA)","slug":"triglav-skladi-druzba-za-upravljanje-doo-delniski-podsklad-alta-usa","cls":"neutral","country":"SI","tier":"register","kind":"organization","city":"Ljubljana","aumM":null,"sort":0,"prec":"street","mock":false}},{"type":"Feature","geometry":{"type":"Point","coordinates":[14.5036359,46.0526649]},"properties":{"icon":"p-triglav-skladi-druzba-za-upravljanje-doo-delniski-podsklad-alta-europe","name":"TRIGLAV SKLADI, družba za upravljanje, d.o.o. (Delniški podsklad ALTA EUROPE)","slug":"triglav-skladi-druzba-za-upravljanje-doo-delniski-podsklad-alta-europe","cls":"neutral","country":"SI","tier":"register","kind":"organization","city":"Ljubljana","aumM":null,"sort":0,"prec":"street","mock":false}},{"type":"Feature","geometry":{"type":"Point","coordinates":[14.5036359,46.0526649]},"properties":{"icon":"p-triglav-skladi-druzba-za-upravljanje-doodelniski-podsklad-razvitih-trgov-alta-global","name":"TRIGLAV SKLADI, družba za upravljanje, d.o.o.(Delniški podsklad razvitih trgov ALTA GLOBAL)","slug":"triglav-skladi-druzba-za-upravljanje-doodelniski-podsklad-razvitih-trgov-alta-global","cls":"neutral","country":"SI","tier":"register","kind":"organization","city":"Ljubljana","aumM":null,"sort":0,"prec":"street","mock":false}},{"type":"Feature","geometry":{"type":"Point","coordinates":[14.5036359,46.0526649]},"properties":{"icon":"p-triglav-skladi-druzba-za-upravljanje-doo-delniski-podsklad-alta-energy","name":"TRIGLAV SKLADI, družba za upravljanje, d.o.o. (Delniški podsklad ALTA ENERGY)","slug":"triglav-skladi-druzba-za-upravljanje-doo-delniski-podsklad-alta-energy","cls":"neutral","country":"SI","tier":"register","kind":"organization","city":"Ljubljana","aumM":null,"sort":0,"prec":"street","mock":false}},{"type":"Feature","geometry":{"type":"Point","coordinates":[14.5036359,46.0526649]},"properties":{"icon":"p-triglav-skladi-druzba-za-upravljanje-doo-delniski-podsklad-alta-asia","name":"TRIGLAV SKLADI, družba za upravljanje, d.o.o. (Delniški podsklad ALTA ASIA)","slug":"triglav-skladi-druzba-za-upravljanje-doo-delniski-podsklad-alta-asia","cls":"neutral","country":"SI","tier":"register","kind":"organization","city":"Ljubljana","aumM":null,"sort":0,"prec":"street","mock":false}},{"type":"Feature","geometry":{"type":"Point","coordinates":[14.5069289,46.0500268]},"properties":{"icon":"p-generali-investments-druzba-za-upravljanje-doo","name":"Generali Investments, družba za upravljanje, d.o.o.","slug":"generali-investments-druzba-za-upravljanje-doo","cls":"neutral","country":"SI","tier":"register","kind":"organization","city":"Ljubljana","aumM":null,"sort":-850,"prec":"city","mock":false}},{"type":"Feature","geometry":{"type":"Point","coordinates":[14.5069289,46.0500268]},"properties":{"icon":"p-triglav-investments-upravljanje-premozenja-doo","name":"Triglav Investments, upravljanje premoženja, d.o.o.","slug":"triglav-investments-upravljanje-premozenja-doo","cls":"neutral","country":"SI","tier":"register","kind":"organization","city":"Ljubljana","aumM":null,"sort":-650,"prec":"city","mock":false}},{"type":"Feature","geometry":{"type":"Point","coordinates":[14.5069289,46.0500268]},"properties":{"icon":"p-modra-zavarovalnica-dd","name":"Modra zavarovalnica, d.d.","slug":"modra-zavarovalnica-dd","cls":"neutral","country":"SI","tier":"register","kind":"organization","city":"Ljubljana","aumM":null,"sort":-600,"prec":"city","mock":false}},{"type":"Feature","geometry":{"type":"Point","coordinates":[14.5069289,46.0500268]},"properties":{"icon":"p-pokojninska-druzba-a-dd","name":"POKOJNINSKA DRUŽBA A, d.d.","slug":"pokojninska-druzba-a-dd","cls":"neutral","country":"SI","tier":"register","kind":"organization","city":"Ljubljana","aumM":null,"sort":-250,"prec":"city","mock":false}},{"type":"Feature","geometry":{"type":"Point","coordinates":[14.5069289,46.0500268]},"properties":{"icon":"p-generali-zavarovalnica-dd","name":"GENERALI zavarovalnica d.d.","slug":"generali-zavarovalnica-dd","cls":"neutral","country":"SI","tier":"register","kind":"organization","city":"Ljubljana","aumM":null,"sort":-200,"prec":"city","mock":false}},{"type":"Feature","geometry":{"type":"Point","coordinates":[14.5069289,46.0500268]},"properties":{"icon":"p-triglav-pokojninska-druzba-dd","name":"Triglav, pokojninska družba, d.d.","slug":"triglav-pokojninska-druzba-dd","cls":"neutral","country":"SI","tier":"register","kind":"organization","city":"Ljubljana","aumM":null,"sort":-150,"prec":"city","mock":false}},{"type":"Feature","geometry":{"type":"Point","coordinates":[16.3725042,48.2083537]},"properties":{"icon":"p-apex-ventures","name":"APEX Ventures","slug":"apex-ventures","cls":"neutral","country":"AT","tier":"register","kind":"organization","city":"Vienna","aumM":null,"sort":-7050,"prec":"city","mock":false}},{"type":"Feature","geometry":{"type":"Point","coordinates":[16.3725042,48.2083537]},"properties":{"icon":"p-erste-group-bank","name":"Erste Group Bank","slug":"erste-group-bank","cls":"neutral","country":"AT","tier":"monitored","kind":"organization","city":"Vienna","aumM":null,"sort":-7000,"prec":"city","mock":false}},{"type":"Feature","geometry":{"type":"Point","coordinates":[16.3725042,48.2083537]},"properties":{"icon":"p-addiko-bank","name":"Addiko Bank","slug":"addiko-bank","cls":"neutral","country":"AT","tier":"monitored","kind":"organization","city":"Vienna","aumM":null,"sort":-7000,"prec":"city","mock":false}},{"type":"Feature","geometry":{"type":"Point","coordinates":[16.3725042,48.2083537]},"properties":{"icon":"p-cerha-hempel","name":"CERHA HEMPEL","slug":"cerha-hempel","cls":"neutral","country":"AT","tier":"monitored","kind":"organization","city":"Vienna","aumM":null,"sort":-7000,"prec":"city","mock":false}},{"type":"Feature","geometry":{"type":"Point","coordinates":[16.3725042,48.2083537]},"properties":{"icon":"p-wolf-theiss","name":"Wolf Theiss","slug":"wolf-theiss","cls":"neutral","country":"AT","tier":"monitored","kind":"organization","city":"Vienna","aumM":null,"sort":-7000,"prec":"city","mock":false}},{"type":"Feature","geometry":{"type":"Point","coordinates":[16.3725042,48.2083537]},"properties":{"icon":"p-speedinvest","name":"Speedinvest","slug":"speedinvest","cls":"neutral","country":"AT","tier":"register","kind":"organization","city":"Vienna","aumM":null,"sort":-7000,"prec":"city","mock":false}},{"type":"Feature","geometry":{"type":"Point","coordinates":[16.3725042,48.2083537]},"properties":{"icon":"p-schoenherr","name":"Schoenherr","slug":"schoenherr","cls":"neutral","country":"AT","tier":"monitored","kind":"organization","city":"Vienna","aumM":null,"sort":-7000,"prec":"city","mock":false}},{"type":"Feature","geometry":{"type":"Point","coordinates":[16.3725042,48.2083537]},"properties":{"icon":"p-axfina","name":"AxFina","slug":"axfina","cls":"neutral","country":"AT","tier":"monitored","kind":"organization","city":"Vienna","aumM":null,"sort":-7000,"prec":"city","mock":false}},{"type":"Feature","geometry":{"type":"Point","coordinates":[16.3725042,48.2083537]},"properties":{"icon":"p-raiffeisen-bank-international","name":"Raiffeisen Bank International","slug":"raiffeisen-bank-international","cls":"neutral","country":"AT","tier":"monitored","kind":"organization","city":"Vienna","aumM":null,"sort":-7000,"prec":"city","mock":false}},{"type":"Feature","geometry":{"type":"Point","coordinates":[16.375465,48.2005638]},"properties":{"icon":"p-amundi-austria-gmbh","name":"Amundi Austria GmbH","slug":"amundi-austria-gmbh","cls":"neutral","country":"AT","tier":"register","kind":"organization","city":"Vienna","aumM":null,"sort":-1400,"prec":"rooftop","mock":false}},{"type":"Feature","geometry":{"type":"Point","coordinates":[16.375465,48.2005638]},"properties":{"icon":"p-amundi-cpr-climate-action","name":"Amundi CPR Climate Action","slug":"amundi-cpr-climate-action","cls":"neutral","country":"AT","tier":"register","kind":"organization","city":"Vienna","aumM":null,"sort":-50,"prec":"rooftop","mock":false}},{"type":"Feature","geometry":{"type":"Point","coordinates":[16.375465,48.2005638]},"properties":{"icon":"p-gf-502","name":"GF 502","slug":"gf-502","cls":"neutral","country":"AT","tier":"register","kind":"organization","city":"Vienna","aumM":null,"sort":-50,"prec":"rooftop","mock":false}},{"type":"Feature","geometry":{"type":"Point","coordinates":[16.375465,48.2005638]},"properties":{"icon":"p-gf-501","name":"GF 501","slug":"gf-501","cls":"neutral","country":"AT","tier":"register","kind":"organization","city":"Vienna","aumM":null,"sort":-50,"prec":"rooftop","mock":false}},{"type":"Feature","geometry":{"type":"Point","coordinates":[16.375465,48.2005638]},"properties":{"icon":"p-zve-aktien","name":"ZVE Aktien","slug":"zve-aktien","cls":"neutral","country":"AT","tier":"register","kind":"organization","city":"Vienna","aumM":null,"sort":-50,"prec":"rooftop","mock":false}},{"type":"Feature","geometry":{"type":"Point","coordinates":[16.375465,48.2005638]},"properties":{"icon":"p-amundi-ethik-fonds-ausgewogen","name":"Amundi Ethik Fonds ausgewogen","slug":"amundi-ethik-fonds-ausgewogen","cls":"neutral","country":"AT","tier":"register","kind":"organization","city":"Vienna","aumM":null,"sort":-50,"prec":"rooftop","mock":false}},{"type":"Feature","geometry":{"type":"Point","coordinates":[16.375465,48.2005638]},"properties":{"icon":"p-wkw-009","name":"WKW-009","slug":"wkw-009","cls":"neutral","country":"AT","tier":"register","kind":"organization","city":"Vienna","aumM":null,"sort":-50,"prec":"rooftop","mock":false}},{"type":"Feature","geometry":{"type":"Point","coordinates":[16.375465,48.2005638]},"properties":{"icon":"p-gf-127","name":"GF 127","slug":"gf-127","cls":"neutral","country":"AT","tier":"register","kind":"organization","city":"Vienna","aumM":null,"sort":-50,"prec":"rooftop","mock":false}},{"type":"Feature","geometry":{"type":"Point","coordinates":[16.375465,48.2005638]},"properties":{"icon":"p-zve-segmentfonds","name":"ZVE Segmentfonds","slug":"zve-segmentfonds","cls":"neutral","country":"AT","tier":"register","kind":"organization","city":"Vienna","aumM":null,"sort":-50,"prec":"rooftop","mock":false}},{"type":"Feature","geometry":{"type":"Point","coordinates":[16.375465,48.2005638]},"properties":{"icon":"p-anadi-global-selection","name":"Anadi Global Selection","slug":"anadi-global-selection","cls":"neutral","country":"AT","tier":"register","kind":"organization","city":"Vienna","aumM":null,"sort":-50,"prec":"rooftop","mock":false}},{"type":"Feature","geometry":{"type":"Point","coordinates":[16.375465,48.2005638]},"properties":{"icon":"p-gf-158","name":"GF 158","slug":"gf-158","cls":"neutral","country":"AT","tier":"register","kind":"organization","city":"Vienna","aumM":null,"sort":-50,"prec":"rooftop","mock":false}},{"type":"Feature","geometry":{"type":"Point","coordinates":[16.375465,48.2005638]},"properties":{"icon":"p-vbv-vk-high-yield-esg","name":"VBV VK High Yield ESG","slug":"vbv-vk-high-yield-esg","cls":"neutral","country":"AT","tier":"register","kind":"organization","city":"Vienna","aumM":null,"sort":-50,"prec":"rooftop","mock":false}},{"type":"Feature","geometry":{"type":"Point","coordinates":[16.375465,48.2005638]},"properties":{"icon":"p-gf-401","name":"GF 401","slug":"gf-401","cls":"neutral","country":"AT","tier":"register","kind":"organization","city":"Vienna","aumM":null,"sort":-50,"prec":"rooftop","mock":false}},{"type":"Feature","geometry":{"type":"Point","coordinates":[16.375465,48.2005638]},"properties":{"icon":"p-gf-bb","name":"GF BB","slug":"gf-bb","cls":"neutral","country":"AT","tier":"register","kind":"organization","city":"Vienna","aumM":null,"sort":-50,"prec":"rooftop","mock":false}},{"type":"Feature","geometry":{"type":"Point","coordinates":[16.375465,48.2005638]},"properties":{"icon":"p-gf-gs2","name":"GF GS2","slug":"gf-gs2","cls":"neutral","country":"AT","tier":"register","kind":"organization","city":"Vienna","aumM":null,"sort":-50,"prec":"rooftop","mock":false}},{"type":"Feature","geometry":{"type":"Point","coordinates":[16.375465,48.2005638]},"properties":{"icon":"p-vbv-emerging-markets-high-yield-credit-opportunities","name":"VBV Emerging Markets High Yield Credit Opportunities","slug":"vbv-emerging-markets-high-yield-credit-opportunities","cls":"neutral","country":"AT","tier":"register","kind":"organization","city":"Vienna","aumM":null,"sort":-50,"prec":"rooftop","mock":false}},{"type":"Feature","geometry":{"type":"Point","coordinates":[16.375465,48.2005638]},"properties":{"icon":"p-wk-19","name":"WK 19","slug":"wk-19","cls":"neutral","country":"AT","tier":"register","kind":"organization","city":"Vienna","aumM":null,"sort":-50,"prec":"rooftop","mock":false}},{"type":"Feature","geometry":{"type":"Point","coordinates":[16.375465,48.2005638]},"properties":{"icon":"p-vbv-esg-credit","name":"VBV ESG Credit","slug":"vbv-esg-credit","cls":"neutral","country":"AT","tier":"register","kind":"organization","city":"Vienna","aumM":null,"sort":-50,"prec":"rooftop","mock":false}},{"type":"Feature","geometry":{"type":"Point","coordinates":[16.375465,48.2005638]},"properties":{"icon":"p-vbv-emerging-markets-high-yield-credit","name":"VBV Emerging Markets High Yield Credit","slug":"vbv-emerging-markets-high-yield-credit","cls":"neutral","country":"AT","tier":"register","kind":"organization","city":"Vienna","aumM":null,"sort":-50,"prec":"rooftop","mock":false}},{"type":"Feature","geometry":{"type":"Point","coordinates":[16.375465,48.2005638]},"properties":{"icon":"p-gf-503","name":"GF 503","slug":"gf-503","cls":"neutral","country":"AT","tier":"register","kind":"organization","city":"Vienna","aumM":null,"sort":-50,"prec":"rooftop","mock":false}},{"type":"Feature","geometry":{"type":"Point","coordinates":[16.375465,48.2005638]},"properties":{"icon":"p-aktienportfolio-2","name":"Aktienportfolio 2","slug":"aktienportfolio-2","cls":"neutral","country":"AT","tier":"register","kind":"organization","city":"Vienna","aumM":null,"sort":-50,"prec":"rooftop","mock":false}},{"type":"Feature","geometry":{"type":"Point","coordinates":[8.6295807,50.0818832]},"properties":{"icon":"p-deka-investment-gmbh","name":"Deka Investment GmbH","slug":"deka-investment-gmbh","cls":"neutral","country":"DE","tier":"register","kind":"organization","city":"Frankfurt","aumM":null,"sort":-2650,"prec":"rooftop","mock":false}},{"type":"Feature","geometry":{"type":"Point","coordinates":[8.6538093,50.1104736]},"properties":{"icon":"p-institutional-investment-partners-gmbh","name":"Institutional Investment-Partners GmbH","slug":"institutional-investment-partners-gmbh","cls":"neutral","country":"DE","tier":"register","kind":"organization","city":"Frankfurt","aumM":null,"sort":-200,"prec":"rooftop","mock":false}},{"type":"Feature","geometry":{"type":"Point","coordinates":[8.6295807,50.0818832]},"properties":{"icon":"p-deka-flexfonds-stabilitat","name":"Deka-FlexFonds Stabilität","slug":"deka-flexfonds-stabilitat","cls":"neutral","country":"DE","tier":"register","kind":"organization","city":"Frankfurt","aumM":null,"sort":-50,"prec":"rooftop","mock":false}},{"type":"Feature","geometry":{"type":"Point","coordinates":[8.6295807,50.0818832]},"properties":{"icon":"p-elb-dachfonds-1","name":"ELB-Dachfonds 1","slug":"elb-dachfonds-1","cls":"neutral","country":"DE","tier":"register","kind":"organization","city":"Frankfurt","aumM":null,"sort":-50,"prec":"rooftop","mock":false}},{"type":"Feature","geometry":{"type":"Point","coordinates":[8.6295807,50.0818832]},"properties":{"icon":"p-bamberg-invest","name":"BAMBERG INVEST","slug":"bamberg-invest","cls":"neutral","country":"DE","tier":"register","kind":"organization","city":"Frankfurt","aumM":null,"sort":-50,"prec":"rooftop","mock":false}},{"type":"Feature","geometry":{"type":"Point","coordinates":[8.6295807,50.0818832]},"properties":{"icon":"p-deka-rentspezial-highyield-92031","name":"Deka-RentSpezial HighYield 9/2031","slug":"deka-rentspezial-highyield-92031","cls":"neutral","country":"DE","tier":"register","kind":"organization","city":"Frankfurt","aumM":null,"sort":-50,"prec":"rooftop","mock":false}},{"type":"Feature","geometry":{"type":"Point","coordinates":[8.6295807,50.0818832]},"properties":{"icon":"p-deka-rentspezial-plus-92031","name":"Deka-RentSpezial Plus 9/2031","slug":"deka-rentspezial-plus-92031","cls":"neutral","country":"DE","tier":"register","kind":"organization","city":"Frankfurt","aumM":null,"sort":-50,"prec":"rooftop","mock":false}},{"type":"Feature","geometry":{"type":"Point","coordinates":[8.6538093,50.1104736]},"properties":{"icon":"p-zre-global","name":"ZRE Global","slug":"zre-global","cls":"neutral","country":"DE","tier":"register","kind":"organization","city":"Frankfurt","aumM":null,"sort":-50,"prec":"rooftop","mock":false}},{"type":"Feature","geometry":{"type":"Point","coordinates":[8.6295807,50.0818832]},"properties":{"icon":"p-cassis-fonds","name":"Cassis Fonds","slug":"cassis-fonds","cls":"neutral","country":"DE","tier":"register","kind":"organization","city":"Frankfurt","aumM":null,"sort":-50,"prec":"rooftop","mock":false}},{"type":"Feature","geometry":{"type":"Point","coordinates":[8.6295807,50.0818832]},"properties":{"icon":"p-freya-fonds-1","name":"Freya-Fonds 1","slug":"freya-fonds-1","cls":"neutral","country":"DE","tier":"register","kind":"organization","city":"Frankfurt","aumM":null,"sort":-50,"prec":"rooftop","mock":false}},{"type":"Feature","geometry":{"type":"Point","coordinates":[8.6295807,50.0818832]},"properties":{"icon":"p-elb-dachfonds-2","name":"ELB-Dachfonds 2","slug":"elb-dachfonds-2","cls":"neutral","country":"DE","tier":"register","kind":"organization","city":"Frankfurt","aumM":null,"sort":-50,"prec":"rooftop","mock":false}},{"type":"Feature","geometry":{"type":"Point","coordinates":[8.6295807,50.0818832]},"properties":{"icon":"p-trevalis","name":"Trevalis","slug":"trevalis","cls":"neutral","country":"DE","tier":"register","kind":"organization","city":"Frankfurt","aumM":null,"sort":-50,"prec":"rooftop","mock":false}},{"type":"Feature","geometry":{"type":"Point","coordinates":[8.6295807,50.0818832]},"properties":{"icon":"p-i-jade","name":"I-Jade","slug":"i-jade","cls":"neutral","country":"DE","tier":"register","kind":"organization","city":"Frankfurt","aumM":null,"sort":-50,"prec":"rooftop","mock":false}},{"type":"Feature","geometry":{"type":"Point","coordinates":[8.6295807,50.0818832]},"properties":{"icon":"p-v-s-84","name":"V. S. 84","slug":"v-s-84","cls":"neutral","country":"DE","tier":"register","kind":"organization","city":"Frankfurt","aumM":null,"sort":-50,"prec":"rooftop","mock":false}},{"type":"Feature","geometry":{"type":"Point","coordinates":[8.6295807,50.0818832]},"properties":{"icon":"p-deka-flexfonds-100","name":"Deka-FlexFonds 100","slug":"deka-flexfonds-100","cls":"neutral","country":"DE","tier":"register","kind":"organization","city":"Frankfurt","aumM":null,"sort":-50,"prec":"rooftop","mock":false}},{"type":"Feature","geometry":{"type":"Point","coordinates":[8.6295807,50.0818832]},"properties":{"icon":"p-sh-bondportfolio","name":"SH Bondportfolio","slug":"sh-bondportfolio","cls":"neutral","country":"DE","tier":"register","kind":"organization","city":"Frankfurt","aumM":null,"sort":-50,"prec":"rooftop","mock":false}},{"type":"Feature","geometry":{"type":"Point","coordinates":[8.6295807,50.0818832]},"properties":{"icon":"p-ev-lk-mfa","name":"EV-LK-MFA","slug":"ev-lk-mfa","cls":"neutral","country":"DE","tier":"register","kind":"organization","city":"Frankfurt","aumM":null,"sort":-50,"prec":"rooftop","mock":false}},{"type":"Feature","geometry":{"type":"Point","coordinates":[8.6295807,50.0818832]},"properties":{"icon":"p-franken","name":"Franken","slug":"franken","cls":"neutral","country":"DE","tier":"register","kind":"organization","city":"Frankfurt","aumM":null,"sort":-50,"prec":"rooftop","mock":false}},{"type":"Feature","geometry":{"type":"Point","coordinates":[8.6295807,50.0818832]},"properties":{"icon":"p-sv-pensionstrategy-deka-global-growth","name":"SV PensionStrategy Deka Global Growth","slug":"sv-pensionstrategy-deka-global-growth","cls":"neutral","country":"DE","tier":"register","kind":"organization","city":"Frankfurt","aumM":null,"sort":-50,"prec":"rooftop","mock":false}},{"type":"Feature","geometry":{"type":"Point","coordinates":[8.6295807,50.0818832]},"properties":{"icon":"p-kieler-forde-masterfonds","name":"Kieler Förde Masterfonds","slug":"kieler-forde-masterfonds","cls":"neutral","country":"DE","tier":"register","kind":"organization","city":"Frankfurt","aumM":null,"sort":-50,"prec":"rooftop","mock":false}},{"type":"Feature","geometry":{"type":"Point","coordinates":[8.6295807,50.0818832]},"properties":{"icon":"p-deka-flexfonds-35","name":"Deka-FlexFonds 35","slug":"deka-flexfonds-35","cls":"neutral","country":"DE","tier":"register","kind":"organization","city":"Frankfurt","aumM":null,"sort":-50,"prec":"rooftop","mock":false}},{"type":"Feature","geometry":{"type":"Point","coordinates":[8.6295807,50.0818832]},"properties":{"icon":"p-skbb-fonds","name":"SKBB-Fonds","slug":"skbb-fonds","cls":"neutral","country":"DE","tier":"register","kind":"organization","city":"Frankfurt","aumM":null,"sort":-50,"prec":"rooftop","mock":false}},{"type":"Feature","geometry":{"type":"Point","coordinates":[8.6295807,50.0818832]},"properties":{"icon":"p-deka-bremen-2","name":"Deka - Bremen 2","slug":"deka-bremen-2","cls":"neutral","country":"DE","tier":"register","kind":"organization","city":"Frankfurt","aumM":null,"sort":-50,"prec":"rooftop","mock":false}},{"type":"Feature","geometry":{"type":"Point","coordinates":[8.6295807,50.0818832]},"properties":{"icon":"p-uld-masterfonds","name":"ULD-Masterfonds","slug":"uld-masterfonds","cls":"neutral","country":"DE","tier":"register","kind":"organization","city":"Frankfurt","aumM":null,"sort":-50,"prec":"rooftop","mock":false}},{"type":"Feature","geometry":{"type":"Point","coordinates":[8.6295807,50.0818832]},"properties":{"icon":"p-bbe2026","name":"BBE2026","slug":"bbe2026","cls":"neutral","country":"DE","tier":"register","kind":"organization","city":"Frankfurt","aumM":null,"sort":-50,"prec":"rooftop","mock":false}},{"type":"Feature","geometry":{"type":"Point","coordinates":[8.6295807,50.0818832]},"properties":{"icon":"p-deka-immobilien-investment-gmbh","name":"Deka Immobilien Investment GmbH","slug":"deka-immobilien-investment-gmbh","cls":"neutral","country":"DE","tier":"register","kind":"organization","city":"Frankfurt","aumM":null,"sort":-50,"prec":"rooftop","mock":false}},{"type":"Feature","geometry":{"type":"Point","coordinates":[8.6538093,50.1104736]},"properties":{"icon":"p-remans-spezialfonds","name":"Remans-Spezialfonds","slug":"remans-spezialfonds","cls":"neutral","country":"DE","tier":"register","kind":"organization","city":"Frankfurt","aumM":null,"sort":-50,"prec":"rooftop","mock":false}},{"type":"Feature","geometry":{"type":"Point","coordinates":[8.6295807,50.0818832]},"properties":{"icon":"p-deka-district-treasure","name":"Deka District Treasure","slug":"deka-district-treasure","cls":"neutral","country":"DE","tier":"register","kind":"organization","city":"Frankfurt","aumM":null,"sort":-50,"prec":"rooftop","mock":false}},{"type":"Feature","geometry":{"type":"Point","coordinates":[8.6295807,50.0818832]},"properties":{"icon":"p-deka-multi-asset-ben","name":"DEKA Multi Asset BEN","slug":"deka-multi-asset-ben","cls":"neutral","country":"DE","tier":"register","kind":"organization","city":"Frankfurt","aumM":null,"sort":-50,"prec":"rooftop","mock":false}},{"type":"Feature","geometry":{"type":"Point","coordinates":[8.6295807,50.0818832]},"properties":{"icon":"p-1854-spezialfonds","name":"1854-Spezialfonds","slug":"1854-spezialfonds","cls":"neutral","country":"DE","tier":"register","kind":"organization","city":"Frankfurt","aumM":null,"sort":-50,"prec":"rooftop","mock":false}},{"type":"Feature","geometry":{"type":"Point","coordinates":[6.129799,49.6112768]},"properties":{"icon":"p-european-investment-fund","name":"European Investment Fund","slug":"european-investment-fund","cls":"neutral","country":"LU","tier":"monitored","kind":"organization","city":"Luxembourg","aumM":null,"sort":-7000,"prec":"city","mock":false}},{"type":"Feature","geometry":{"type":"Point","coordinates":[6.2129519,49.6333506]},"properties":{"icon":"p-waystone-management-company-lux-sa","name":"Waystone Management Company (Lux) S.A.","slug":"waystone-management-company-lux-sa","cls":"neutral","country":"LU","tier":"register","kind":"organization","city":"Luxembourg","aumM":null,"sort":-850,"prec":"rooftop","mock":false}},{"type":"Feature","geometry":{"type":"Point","coordinates":[6.2687254,49.6393463]},"properties":{"icon":"p-hauck-aufhauser-fund-services-sa","name":"HAUCK & AUFHÄUSER FUND SERVICES S.A.","slug":"hauck-aufhauser-fund-services-sa","cls":"neutral","country":"LU","tier":"register","kind":"organization","city":"Luxembourg","aumM":null,"sort":-600,"prec":"rooftop","mock":false}},{"type":"Feature","geometry":{"type":"Point","coordinates":[6.3913626,49.6763543]},"properties":{"icon":"p-axxion-sa","name":"Axxion S.A.","slug":"axxion-sa","cls":"neutral","country":"LU","tier":"register","kind":"organization","city":"Luxembourg","aumM":null,"sort":-500,"prec":"rooftop","mock":false}},{"type":"Feature","geometry":{"type":"Point","coordinates":[5.964727,49.6471832]},"properties":{"icon":"p-pure-capital-sa","name":"PURE CAPITAL S.A.","slug":"pure-capital-sa","cls":"neutral","country":"LU","tier":"register","kind":"organization","city":"Luxembourg","aumM":null,"sort":-450,"prec":"rooftop","mock":false}},{"type":"Feature","geometry":{"type":"Point","coordinates":[6.1614221,49.6277191]},"properties":{"icon":"p-bg-fund-management-luxembourg-sa","name":"BG FUND MANAGEMENT LUXEMBOURG S.A.","slug":"bg-fund-management-luxembourg-sa","cls":"neutral","country":"LU","tier":"register","kind":"organization","city":"Luxembourg","aumM":null,"sort":-400,"prec":"rooftop","mock":false}},{"type":"Feature","geometry":{"type":"Point","coordinates":[6.0961054,49.6169769]},"properties":{"icon":"p-ascender-fund-partners-luxembourg","name":"Ascender Fund Partners Luxembourg","slug":"ascender-fund-partners-luxembourg","cls":"neutral","country":"LU","tier":"register","kind":"organization","city":"Luxembourg","aumM":null,"sort":-300,"prec":"rooftop","mock":false}},{"type":"Feature","geometry":{"type":"Point","coordinates":[6.2169921,49.638416]},"properties":{"icon":"p-jpmorgan-asset-management-europe-s-rl","name":"JPMorgan Asset Management (Europe) S.à r.l.","slug":"jpmorgan-asset-management-europe-s-rl","cls":"neutral","country":"LU","tier":"register","kind":"organization","city":"Luxembourg","aumM":null,"sort":-250,"prec":"rooftop","mock":false}},{"type":"Feature","geometry":{"type":"Point","coordinates":[6.1153286,49.5872193]},"properties":{"icon":"p-vistra-fund-management-sa","name":"Vistra Fund Management S.A.","slug":"vistra-fund-management-sa","cls":"neutral","country":"LU","tier":"register","kind":"organization","city":"Luxembourg","aumM":null,"sort":-150,"prec":"rooftop","mock":false}},{"type":"Feature","geometry":{"type":"Point","coordinates":[6.2129519,49.6333506]},"properties":{"icon":"p-unicredit-invest-lux-sa","name":"UniCredit Invest Lux S.A.","slug":"unicredit-invest-lux-sa","cls":"neutral","country":"LU","tier":"register","kind":"organization","city":"Luxembourg","aumM":null,"sort":-150,"prec":"rooftop","mock":false}},{"type":"Feature","geometry":{"type":"Point","coordinates":[6.1143771,49.5843317]},"properties":{"icon":"p-nuveen-alternatives-europe-s-rl","name":"Nuveen Alternatives Europe S.à r.l.","slug":"nuveen-alternatives-europe-s-rl","cls":"neutral","country":"LU","tier":"register","kind":"organization","city":"Luxembourg","aumM":null,"sort":-150,"prec":"rooftop","mock":false}},{"type":"Feature","geometry":{"type":"Point","coordinates":[6.1266338,49.606655]},"properties":{"icon":"p-vault-am-s-rl","name":"Vault AM S.à r.l.","slug":"vault-am-s-rl","cls":"neutral","country":"LU","tier":"register","kind":"organization","city":"Luxembourg","aumM":null,"sort":-100,"prec":"rooftop","mock":false}},{"type":"Feature","geometry":{"type":"Point","coordinates":[6.1220761,49.5831554]},"properties":{"icon":"p-eurizon-open-bond-euro-short-term","name":"Eurizon Open - Bond Euro Short Term","slug":"eurizon-open-bond-euro-short-term","cls":"neutral","country":"LU","tier":"register","kind":"organization","city":"Luxembourg","aumM":null,"sort":-50,"prec":"rooftop","mock":false}},{"type":"Feature","geometry":{"type":"Point","coordinates":[6.1709814,49.6144429]},"properties":{"icon":"p-hf-diversifiers","name":"HF DIVERSIFIERS","slug":"hf-diversifiers","cls":"neutral","country":"LU","tier":"register","kind":"organization","city":"Luxembourg","aumM":null,"sort":-50,"prec":"rooftop","mock":false}},{"type":"Feature","geometry":{"type":"Point","coordinates":[6.2129519,49.6333506]},"properties":{"icon":"p-tram-commodities-alpha-fund-1","name":"TRAM COMMODITIES ALPHA FUND 1","slug":"tram-commodities-alpha-fund-1","cls":"neutral","country":"LU","tier":"register","kind":"organization","city":"Luxembourg","aumM":null,"sort":-50,"prec":"rooftop","mock":false}},{"type":"Feature","geometry":{"type":"Point","coordinates":[6.1709814,49.6144429]},"properties":{"icon":"p-as-2026-global-fund-private-investors-offshore-sicav-raif-scsp","name":"AS 2026 GLOBAL FUND PRIVATE INVESTORS OFFSHORE SICAV-RAIF S.C.Sp","slug":"as-2026-global-fund-private-investors-offshore-sicav-raif-scsp","cls":"neutral","country":"LU","tier":"register","kind":"organization","city":"Luxembourg","aumM":null,"sort":-50,"prec":"rooftop","mock":false}},{"type":"Feature","geometry":{"type":"Point","coordinates":[6.1220761,49.5831554]},"properties":{"icon":"p-eurizon-open-bond-euro-aggregate","name":"Eurizon Open - Bond Euro Aggregate","slug":"eurizon-open-bond-euro-aggregate","cls":"neutral","country":"LU","tier":"register","kind":"organization","city":"Luxembourg","aumM":null,"sort":-50,"prec":"rooftop","mock":false}},{"type":"Feature","geometry":{"type":"Point","coordinates":[6.2169921,49.638416]},"properties":{"icon":"p-alternatives-allocation-fund","name":"ALTERNATIVES ALLOCATION FUND","slug":"alternatives-allocation-fund","cls":"neutral","country":"LU","tier":"register","kind":"organization","city":"Luxembourg","aumM":null,"sort":-50,"prec":"rooftop","mock":false}},{"type":"Feature","geometry":{"type":"Point","coordinates":[6.2698505,49.6385911]},"properties":{"icon":"p-flaveo-central-eastern-europe-co-invest-scs-sicav-raif","name":"FLAVEO Central Eastern Europe Co-Invest S.C.S., SICAV-RAIF","slug":"flaveo-central-eastern-europe-co-invest-scs-sicav-raif","cls":"neutral","country":"LU","tier":"register","kind":"organization","city":"Luxembourg","aumM":null,"sort":-50,"prec":"rooftop","mock":false}},{"type":"Feature","geometry":{"type":"Point","coordinates":[6.1153286,49.5872193]},"properties":{"icon":"p-mec-global-partners-asia-value-add-fcp-raif-sub-fund-ii","name":"MEC GLOBAL PARTNERS ASIA VALUE-ADD FCP-RAIF – SUB-FUND II","slug":"mec-global-partners-asia-value-add-fcp-raif-sub-fund-ii","cls":"neutral","country":"LU","tier":"register","kind":"organization","city":"Luxembourg","aumM":null,"sort":-50,"prec":"rooftop","mock":false}},{"type":"Feature","geometry":{"type":"Point","coordinates":[6.1709814,49.6144429]},"properties":{"icon":"p-hf-fundamental-trading","name":"HF FUNDAMENTAL TRADING","slug":"hf-fundamental-trading","cls":"neutral","country":"LU","tier":"register","kind":"organization","city":"Luxembourg","aumM":null,"sort":-50,"prec":"rooftop","mock":false}},{"type":"Feature","geometry":{"type":"Point","coordinates":[6.1151432,49.5864565]},"properties":{"icon":"p-tc54-arch-blended-2026","name":"TC54-ARCH BLENDED 2026","slug":"tc54-arch-blended-2026","cls":"neutral","country":"LU","tier":"register","kind":"organization","city":"Luxembourg","aumM":null,"sort":-50,"prec":"rooftop","mock":false}},{"type":"Feature","geometry":{"type":"Point","coordinates":[6.1220761,49.5831554]},"properties":{"icon":"p-eurizon-open-equity-global","name":"Eurizon Open - Equity Global","slug":"eurizon-open-equity-global","cls":"neutral","country":"LU","tier":"register","kind":"organization","city":"Luxembourg","aumM":null,"sort":-50,"prec":"rooftop","mock":false}},{"type":"Feature","geometry":{"type":"Point","coordinates":[6.2129519,49.6333506]},"properties":{"icon":"p-monroe-capital-private-credit-feeder-fund-scsp-raif","name":"Monroe Capital Private Credit Feeder Fund SCSp RAIF","slug":"monroe-capital-private-credit-feeder-fund-scsp-raif","cls":"neutral","country":"LU","tier":"register","kind":"organization","city":"Luxembourg","aumM":null,"sort":-50,"prec":"rooftop","mock":false}},{"type":"Feature","geometry":{"type":"Point","coordinates":[6.1709814,49.6144429]},"properties":{"icon":"p-hf-dedicated-6","name":"HF DEDICATED 6","slug":"hf-dedicated-6","cls":"neutral","country":"LU","tier":"register","kind":"organization","city":"Luxembourg","aumM":null,"sort":-50,"prec":"rooftop","mock":false}},{"type":"Feature","geometry":{"type":"Point","coordinates":[6.1709814,49.6144429]},"properties":{"icon":"p-vintage-2026-private-investments-offshore-sicav-raif-scsp","name":"Vintage 2026 Private Investments Offshore SICAV-RAIF S.C.Sp.","slug":"vintage-2026-private-investments-offshore-sicav-raif-scsp","cls":"neutral","country":"LU","tier":"register","kind":"organization","city":"Luxembourg","aumM":null,"sort":-50,"prec":"rooftop","mock":false}},{"type":"Feature","geometry":{"type":"Point","coordinates":[6.1709814,49.6144429]},"properties":{"icon":"p-tpg-twin-brook-evergreen-lux-scsp","name":"TPG Twin Brook Evergreen Lux, SCSp","slug":"tpg-twin-brook-evergreen-lux-scsp","cls":"neutral","country":"LU","tier":"register","kind":"organization","city":"Luxembourg","aumM":null,"sort":-50,"prec":"rooftop","mock":false}},{"type":"Feature","geometry":{"type":"Point","coordinates":[6.2129519,49.6333506]},"properties":{"icon":"p-monroe-capital-private-credit-master-fund-scsp-raif","name":"Monroe Capital Private Credit Master Fund SCSp RAIF","slug":"monroe-capital-private-credit-master-fund-scsp-raif","cls":"neutral","country":"LU","tier":"register","kind":"organization","city":"Luxembourg","aumM":null,"sort":-50,"prec":"rooftop","mock":false}},{"type":"Feature","geometry":{"type":"Point","coordinates":[6.1709814,49.6144429]},"properties":{"icon":"p-hf-core","name":"HF CORE","slug":"hf-core","cls":"neutral","country":"LU","tier":"register","kind":"organization","city":"Luxembourg","aumM":null,"sort":-50,"prec":"rooftop","mock":false}},{"type":"Feature","geometry":{"type":"Point","coordinates":[6.1709814,49.6144429]},"properties":{"icon":"p-venture-growth-select-ii-offshore-sicav-raif-scsp","name":"Venture Growth Select II Offshore SICAV-RAIF S.C.Sp.","slug":"venture-growth-select-ii-offshore-sicav-raif-scsp","cls":"neutral","country":"LU","tier":"register","kind":"organization","city":"Luxembourg","aumM":null,"sort":-50,"prec":"rooftop","mock":false}},{"type":"Feature","geometry":{"type":"Point","coordinates":[4.8762177,52.3401848]},"properties":{"icon":"p-van-lanschot-kempen-investment-management-nv","name":"VAN LANSCHOT KEMPEN INVESTMENT MANAGEMENT N.V.","slug":"van-lanschot-kempen-investment-management-nv","cls":"neutral","country":"NL","tier":"register","kind":"organization","city":"Amsterdam","aumM":null,"sort":-3750,"prec":"rooftop","mock":false}},{"type":"Feature","geometry":{"type":"Point","coordinates":[4.8762177,52.3401848]},"properties":{"icon":"p-vermogensparaplufonds-macquarie-us-smallcap-core-pool","name":"VERMOGENSPARAPLUFONDS - MACQUARIE U.S. SMALLCAP CORE POOL","slug":"vermogensparaplufonds-macquarie-us-smallcap-core-pool","cls":"neutral","country":"NL","tier":"register","kind":"organization","city":"Amsterdam","aumM":null,"sort":0,"prec":"rooftop","mock":false}},{"type":"Feature","geometry":{"type":"Point","coordinates":[4.8762177,52.3401848]},"properties":{"icon":"p-vermogensparaplufonds-ab-european-equity-pool","name":"VERMOGENSPARAPLUFONDS - AB EUROPEAN EQUITY POOL","slug":"vermogensparaplufonds-ab-european-equity-pool","cls":"neutral","country":"NL","tier":"register","kind":"organization","city":"Amsterdam","aumM":null,"sort":0,"prec":"rooftop","mock":false}},{"type":"Feature","geometry":{"type":"Point","coordinates":[4.8762177,52.3401848]},"properties":{"icon":"p-bestselect-ab-european-equity","name":"BESTSELECT - AB EUROPEAN EQUITY","slug":"bestselect-ab-european-equity","cls":"neutral","country":"NL","tier":"register","kind":"organization","city":"Amsterdam","aumM":null,"sort":0,"prec":"rooftop","mock":false}},{"type":"Feature","geometry":{"type":"Point","coordinates":[4.8762177,52.3401848]},"properties":{"icon":"p-vermogensparaplufonds-quoniam-global-corporate-bond","name":"VERMOGENSPARAPLUFONDS - QUONIAM GLOBAL CORPORATE BOND","slug":"vermogensparaplufonds-quoniam-global-corporate-bond","cls":"neutral","country":"NL","tier":"register","kind":"organization","city":"Amsterdam","aumM":null,"sort":0,"prec":"rooftop","mock":false}},{"type":"Feature","geometry":{"type":"Point","coordinates":[4.7621975,52.3080392]},"properties":{"icon":"p-aegon-investment-management-bv","name":"AEGON INVESTMENT MANAGEMENT B.V.","slug":"aegon-investment-management-bv","cls":"neutral","country":"NL","tier":"register","kind":"organization","city":"Amsterdam","aumM":null,"sort":-3100,"prec":"city","mock":false}},{"type":"Feature","geometry":{"type":"Point","coordinates":[4.8924534,52.3730796]},"properties":{"icon":"p-insingergilissen-asset-management-nv","name":"InsingerGilissen Asset Management N.V.","slug":"insingergilissen-asset-management-nv","cls":"neutral","country":"NL","tier":"register","kind":"organization","city":"Amsterdam","aumM":null,"sort":-900,"prec":"city","mock":false}},{"type":"Feature","geometry":{"type":"Point","coordinates":[4.8924534,52.3730796]},"properties":{"icon":"p-elite-fund-management-bv","name":"Elite Fund Management B.V.","slug":"elite-fund-management-bv","cls":"neutral","country":"NL","tier":"register","kind":"organization","city":"Amsterdam","aumM":null,"sort":-850,"prec":"city","mock":false}},{"type":"Feature","geometry":{"type":"Point","coordinates":[4.8924534,52.3730796]},"properties":{"icon":"p-vaneck-asset-management","name":"VanEck Asset Management","slug":"vaneck-asset-management","cls":"neutral","country":"NL","tier":"register","kind":"organization","city":"Amsterdam","aumM":null,"sort":-700,"prec":"city","mock":false}},{"type":"Feature","geometry":{"type":"Point","coordinates":[4.8924534,52.3730796]},"properties":{"icon":"p-anthos-private-wealth-management-bv","name":"Anthos Private Wealth Management B.V.","slug":"anthos-private-wealth-management-bv","cls":"neutral","country":"NL","tier":"register","kind":"organization","city":"Amsterdam","aumM":null,"sort":-700,"prec":"city","mock":false}},{"type":"Feature","geometry":{"type":"Point","coordinates":[5.1630646,52.2773656]},"properties":{"icon":"p-sectie5-beheer-bv","name":"Sectie5 Beheer B.V.","slug":"sectie5-beheer-bv","cls":"neutral","country":"NL","tier":"register","kind":"organization","city":"Amsterdam","aumM":null,"sort":-250,"prec":"city","mock":false}},{"type":"Feature","geometry":{"type":"Point","coordinates":[4.8924534,52.3730796]},"properties":{"icon":"p-triple-partners-investments-bv","name":"Triple Partners Investments B.V.","slug":"triple-partners-investments-bv","cls":"neutral","country":"NL","tier":"register","kind":"organization","city":"Amsterdam","aumM":null,"sort":-150,"prec":"city","mock":false}},{"type":"Feature","geometry":{"type":"Point","coordinates":[4.8924534,52.3730796]},"properties":{"icon":"p-annexum-beheer-bv","name":"Annexum Beheer B.V.","slug":"annexum-beheer-bv","cls":"neutral","country":"NL","tier":"register","kind":"organization","city":"Amsterdam","aumM":null,"sort":-150,"prec":"city","mock":false}},{"type":"Feature","geometry":{"type":"Point","coordinates":[5.1630646,52.2773656]},"properties":{"icon":"p-providence-capital-nv","name":"Providence Capital N.V.","slug":"providence-capital-nv","cls":"neutral","country":"NL","tier":"register","kind":"organization","city":"Amsterdam","aumM":null,"sort":-100,"prec":"city","mock":false}},{"type":"Feature","geometry":{"type":"Point","coordinates":[4.8924534,52.3730796]},"properties":{"icon":"p-laaken-asset-management-nv","name":"Laaken Asset Management N.V.","slug":"laaken-asset-management-nv","cls":"neutral","country":"NL","tier":"register","kind":"organization","city":"Amsterdam","aumM":null,"sort":-100,"prec":"city","mock":false}},{"type":"Feature","geometry":{"type":"Point","coordinates":[4.8924534,52.3730796]},"properties":{"icon":"p-deltahaven-i-bv","name":"DELTAHAVEN I B.V.","slug":"deltahaven-i-bv","cls":"neutral","country":"NL","tier":"register","kind":"organization","city":"Amsterdam","aumM":null,"sort":-50,"prec":"city","mock":false}},{"type":"Feature","geometry":{"type":"Point","coordinates":[4.8924534,52.3730796]},"properties":{"icon":"p-evi-go-defensief","name":"EVI GO DEFENSIEF","slug":"evi-go-defensief","cls":"neutral","country":"NL","tier":"register","kind":"organization","city":"Amsterdam","aumM":null,"sort":-50,"prec":"city","mock":false}},{"type":"Feature","geometry":{"type":"Point","coordinates":[4.8924534,52.3730796]},"properties":{"icon":"p-1895-wereld-multifactor-aandelen-fonds","name":"1895 Wereld Multifactor Aandelen Fonds","slug":"1895-wereld-multifactor-aandelen-fonds","cls":"neutral","country":"NL","tier":"register","kind":"organization","city":"Amsterdam","aumM":null,"sort":-50,"prec":"city","mock":false}},{"type":"Feature","geometry":{"type":"Point","coordinates":[4.8924534,52.3730796]},"properties":{"icon":"p-kempen-sdg-farmland-fund","name":"KEMPEN SDG FARMLAND FUND","slug":"kempen-sdg-farmland-fund","cls":"neutral","country":"NL","tier":"register","kind":"organization","city":"Amsterdam","aumM":null,"sort":-50,"prec":"city","mock":false}},{"type":"Feature","geometry":{"type":"Point","coordinates":[4.8924534,52.3730796]},"properties":{"icon":"p-global-farmland-pool","name":"GLOBAL FARMLAND POOL","slug":"global-farmland-pool","cls":"neutral","country":"NL","tier":"register","kind":"organization","city":"Amsterdam","aumM":null,"sort":-50,"prec":"city","mock":false}},{"type":"Feature","geometry":{"type":"Point","coordinates":[4.8924534,52.3730796]},"properties":{"icon":"p-van-lanschot-kempen-vermogensfonds-duurzaam-zeer-offensief","name":"VAN LANSCHOT KEMPEN VERMOGENSFONDS DUURZAAM - ZEER OFFENSIEF","slug":"van-lanschot-kempen-vermogensfonds-duurzaam-zeer-offensief","cls":"neutral","country":"NL","tier":"register","kind":"organization","city":"Amsterdam","aumM":null,"sort":-50,"prec":"city","mock":false}},{"type":"Feature","geometry":{"type":"Point","coordinates":[4.7621975,52.3080392]},"properties":{"icon":"p-aegon-fixed-income-stability-fund","name":"AEGON FIXED INCOME STABILITY FUND","slug":"aegon-fixed-income-stability-fund","cls":"neutral","country":"NL","tier":"register","kind":"organization","city":"Amsterdam","aumM":null,"sort":-50,"prec":"city","mock":false}},{"type":"Feature","geometry":{"type":"Point","coordinates":[4.8924534,52.3730796]},"properties":{"icon":"p-privium-sustainable-impact-fund","name":"PRIVIUM SUSTAINABLE IMPACT FUND","slug":"privium-sustainable-impact-fund","cls":"neutral","country":"NL","tier":"register","kind":"organization","city":"Amsterdam","aumM":null,"sort":-50,"prec":"city","mock":false}},{"type":"Feature","geometry":{"type":"Point","coordinates":[4.8924534,52.3730796]},"properties":{"icon":"p-deltahaven-iv-bv","name":"DELTAHAVEN IV B.V.","slug":"deltahaven-iv-bv","cls":"neutral","country":"NL","tier":"register","kind":"organization","city":"Amsterdam","aumM":null,"sort":-50,"prec":"city","mock":false}},{"type":"Feature","geometry":{"type":"Point","coordinates":[4.8924534,52.3730796]},"properties":{"icon":"p-van-lanschot-kempen-vermogensfonds-smart-zeer-defensief","name":"VAN LANSCHOT KEMPEN VERMOGENSFONDS SMART - ZEER DEFENSIEF","slug":"van-lanschot-kempen-vermogensfonds-smart-zeer-defensief","cls":"neutral","country":"NL","tier":"register","kind":"organization","city":"Amsterdam","aumM":null,"sort":-50,"prec":"city","mock":false}},{"type":"Feature","geometry":{"type":"Point","coordinates":[4.9363478,52.3301502]},"properties":{"icon":"p-stichting-investcorp-management","name":"Stichting Investcorp Management","slug":"stichting-investcorp-management","cls":"neutral","country":"NL","tier":"register","kind":"organization","city":"Amsterdam","aumM":null,"sort":-50,"prec":"city","mock":false}},{"type":"Feature","geometry":{"type":"Point","coordinates":[4.8924534,52.3730796]},"properties":{"icon":"p-verantwoord-gematigd-defensief","name":"Verantwoord Gematigd Defensief","slug":"verantwoord-gematigd-defensief","cls":"neutral","country":"NL","tier":"register","kind":"organization","city":"Amsterdam","aumM":null,"sort":-50,"prec":"city","mock":false}},{"type":"Feature","geometry":{"type":"Point","coordinates":[4.8924534,52.3730796]},"properties":{"icon":"p-beheerstrategie-nv-gematigd-defensief-met-alternatieven","name":"Beheerstrategie N.V. - Gematigd Defensief met Alternatieven","slug":"beheerstrategie-nv-gematigd-defensief-met-alternatieven","cls":"neutral","country":"NL","tier":"register","kind":"organization","city":"Amsterdam","aumM":null,"sort":-50,"prec":"city","mock":false}},{"type":"Feature","geometry":{"type":"Point","coordinates":[4.8924534,52.3730796]},"properties":{"icon":"p-vaneck-multi-asset-conservative-allocation-ucits-etf","name":"VanEck Multi-Asset Conservative Allocation UCITS ETF","slug":"vaneck-multi-asset-conservative-allocation-ucits-etf","cls":"neutral","country":"NL","tier":"register","kind":"organization","city":"Amsterdam","aumM":null,"sort":-50,"prec":"city","mock":false}},{"type":"Feature","geometry":{"type":"Point","coordinates":[4.8924534,52.3730796]},"properties":{"icon":"p-abn-amro-portfolio-classic-global-equities","name":"ABN AMRO Portfolio Classic Global Equities","slug":"abn-amro-portfolio-classic-global-equities","cls":"neutral","country":"NL","tier":"register","kind":"organization","city":"Amsterdam","aumM":null,"sort":-50,"prec":"city","mock":false}},{"type":"Feature","geometry":{"type":"Point","coordinates":[2.3107969,48.8776357]},"properties":{"icon":"p-blackfin-capital-partners","name":"BLACKFIN CAPITAL PARTNERS","slug":"blackfin-capital-partners","cls":"neutral","country":"FR","tier":"register","kind":"organization","city":"Paris","aumM":null,"sort":-7050,"prec":"rooftop","mock":false}},{"type":"Feature","geometry":{"type":"Point","coordinates":[2.3316868,48.8679132]},"properties":{"icon":"p-alter-equity-sas","name":"ALTER EQUITY SAS","slug":"alter-equity-sas","cls":"neutral","country":"FR","tier":"register","kind":"organization","city":"Paris","aumM":null,"sort":-7050,"prec":"rooftop","mock":false}},{"type":"Feature","geometry":{"type":"Point","coordinates":[2.3023538,48.8742883]},"properties":{"icon":"p-prudentia-capital","name":"PRUDENTIA CAPITAL","slug":"prudentia-capital","cls":"neutral","country":"FR","tier":"register","kind":"organization","city":"Paris","aumM":null,"sort":-7000,"prec":"rooftop","mock":false}},{"type":"Feature","geometry":{"type":"Point","coordinates":[2.3120403,48.8725119]},"properties":{"icon":"p-alba-infra-partners","name":"ALBA INFRA PARTNERS","slug":"alba-infra-partners","cls":"neutral","country":"FR","tier":"register","kind":"organization","city":"Paris","aumM":null,"sort":-7000,"prec":"rooftop","mock":false}},{"type":"Feature","geometry":{"type":"Point","coordinates":[2.3220662,48.8763126]},"properties":{"icon":"p-capital-croissance-sas","name":"CAPITAL CROISSANCE SAS","slug":"capital-croissance-sas","cls":"neutral","country":"FR","tier":"register","kind":"organization","city":"Paris","aumM":null,"sort":-7000,"prec":"rooftop","mock":false}},{"type":"Feature","geometry":{"type":"Point","coordinates":[2.3138357,48.8761649]},"properties":{"icon":"p-noteus-partners","name":"Noteus Partners","slug":"noteus-partners","cls":"neutral","country":"FR","tier":"register","kind":"organization","city":"Paris","aumM":null,"sort":-7000,"prec":"rooftop","mock":false}},{"type":"Feature","geometry":{"type":"Point","coordinates":[2.3192666,48.8569428]},"properties":{"icon":"p-atalante","name":"ATALANTE","slug":"atalante","cls":"neutral","country":"FR","tier":"register","kind":"organization","city":"Paris","aumM":null,"sort":-7000,"prec":"rooftop","mock":false}},{"type":"Feature","geometry":{"type":"Point","coordinates":[2.3607224,48.8620359]},"properties":{"icon":"p-fluence-france","name":"FLUENCE FRANCE","slug":"fluence-france","cls":"neutral","country":"FR","tier":"register","kind":"organization","city":"Paris","aumM":null,"sort":-7000,"prec":"rooftop","mock":false}},{"type":"Feature","geometry":{"type":"Point","coordinates":[2.3290001,48.866067]},"properties":{"icon":"p-altheis","name":"Althéis","slug":"altheis","cls":"neutral","country":"FR","tier":"register","kind":"organization","city":"Paris","aumM":null,"sort":-7000,"prec":"rooftop","mock":false}},{"type":"Feature","geometry":{"type":"Point","coordinates":[2.3125073,48.875016]},"properties":{"icon":"p-peninsular-capital-management","name":"PENINSULAR CAPITAL MANAGEMENT","slug":"peninsular-capital-management","cls":"neutral","country":"FR","tier":"register","kind":"organization","city":"Paris","aumM":null,"sort":-7000,"prec":"rooftop","mock":false}},{"type":"Feature","geometry":{"type":"Point","coordinates":[2.3347309,48.8682733]},"properties":{"icon":"p-eukratos","name":"EUKRATOS","slug":"eukratos","cls":"neutral","country":"FR","tier":"register","kind":"organization","city":"Paris","aumM":null,"sort":-7000,"prec":"rooftop","mock":false}},{"type":"Feature","geometry":{"type":"Point","coordinates":[2.3289175,48.8433264]},"properties":{"icon":"p-credit-mutuel-impact","name":"CREDIT MUTUEL IMPACT","slug":"credit-mutuel-impact","cls":"neutral","country":"FR","tier":"register","kind":"organization","city":"Paris","aumM":null,"sort":-7000,"prec":"rooftop","mock":false}},{"type":"Feature","geometry":{"type":"Point","coordinates":[2.3512048,48.8687102]},"properties":{"icon":"p-ambra-capital","name":"AMBRA CAPITAL","slug":"ambra-capital","cls":"neutral","country":"FR","tier":"register","kind":"organization","city":"Paris","aumM":null,"sort":-7000,"prec":"rooftop","mock":false}},{"type":"Feature","geometry":{"type":"Point","coordinates":[2.3381455,48.8724029]},"properties":{"icon":"p-atlantic-vantage-point-capital","name":"Atlantic Vantage Point Capital","slug":"atlantic-vantage-point-capital","cls":"neutral","country":"FR","tier":"register","kind":"organization","city":"Paris","aumM":null,"sort":-7000,"prec":"rooftop","mock":false}},{"type":"Feature","geometry":{"type":"Point","coordinates":[2.3239528,48.8688907]},"properties":{"icon":"p-kurma-partners","name":"KURMA PARTNERS","slug":"kurma-partners","cls":"neutral","country":"FR","tier":"register","kind":"organization","city":"Paris","aumM":null,"sort":-7000,"prec":"rooftop","mock":false}},{"type":"Feature","geometry":{"type":"Point","coordinates":[2.2776731,48.8712171]},"properties":{"icon":"p-matignon-investissement-et-gestion","name":"MATIGNON INVESTISSEMENT ET GESTION","slug":"matignon-investissement-et-gestion","cls":"neutral","country":"FR","tier":"register","kind":"organization","city":"Paris","aumM":null,"sort":-7000,"prec":"rooftop","mock":false}},{"type":"Feature","geometry":{"type":"Point","coordinates":[2.2878485,48.8642416]},"properties":{"icon":"p-kepler-cheuvreux-invest","name":"KEPLER CHEUVREUX INVEST","slug":"kepler-cheuvreux-invest","cls":"neutral","country":"FR","tier":"register","kind":"organization","city":"Paris","aumM":null,"sort":-7000,"prec":"rooftop","mock":false}},{"type":"Feature","geometry":{"type":"Point","coordinates":[2.343065,48.8725237]},"properties":{"icon":"p-laffitte-capital-management-sas","name":"LAFFITTE CAPITAL MANAGEMENT SAS","slug":"laffitte-capital-management-sas","cls":"neutral","country":"FR","tier":"register","kind":"organization","city":"Paris","aumM":null,"sort":-7000,"prec":"rooftop","mock":false}},{"type":"Feature","geometry":{"type":"Point","coordinates":[2.3101325,48.8749251]},"properties":{"icon":"p-initiative-finance-gestion","name":"INITIATIVE & FINANCE GESTION","slug":"initiative-finance-gestion","cls":"neutral","country":"FR","tier":"register","kind":"organization","city":"Paris","aumM":null,"sort":-7000,"prec":"rooftop","mock":false}},{"type":"Feature","geometry":{"type":"Point","coordinates":[2.2992326,48.8709215]},"properties":{"icon":"p-weinberg-capital-partners","name":"WEINBERG CAPITAL PARTNERS","slug":"weinberg-capital-partners","cls":"neutral","country":"FR","tier":"register","kind":"organization","city":"Paris","aumM":null,"sort":-7000,"prec":"rooftop","mock":false}},{"type":"Feature","geometry":{"type":"Point","coordinates":[2.3218415,48.8751526]},"properties":{"icon":"p-generis-capital-partners-sas","name":"GENERIS CAPITAL PARTNERS SAS","slug":"generis-capital-partners-sas","cls":"neutral","country":"FR","tier":"register","kind":"organization","city":"Paris","aumM":null,"sort":-7000,"prec":"rooftop","mock":false}},{"type":"Feature","geometry":{"type":"Point","coordinates":[2.3178381,48.8743457]},"properties":{"icon":"p-la-maison-partners","name":"LA MAISON PARTNERS","slug":"la-maison-partners","cls":"neutral","country":"FR","tier":"register","kind":"organization","city":"Paris","aumM":null,"sort":-7000,"prec":"rooftop","mock":false}},{"type":"Feature","geometry":{"type":"Point","coordinates":[2.2840926,48.8738942]},"properties":{"icon":"p-my-share-company","name":"MY SHARE COMPANY","slug":"my-share-company","cls":"neutral","country":"FR","tier":"register","kind":"organization","city":"Paris","aumM":null,"sort":-7000,"prec":"rooftop","mock":false}},{"type":"Feature","geometry":{"type":"Point","coordinates":[2.3290875,48.8724952]},"properties":{"icon":"p-cogefi-gestion","name":"COGEFI GESTION","slug":"cogefi-gestion","cls":"neutral","country":"FR","tier":"register","kind":"organization","city":"Paris","aumM":null,"sort":-7000,"prec":"rooftop","mock":false}},{"type":"Feature","geometry":{"type":"Point","coordinates":[2.2813723,48.8752942]},"properties":{"icon":"p-momentum-invest-sas","name":"MOMENTUM INVEST SAS","slug":"momentum-invest-sas","cls":"neutral","country":"FR","tier":"register","kind":"organization","city":"Paris","aumM":null,"sort":-7000,"prec":"rooftop","mock":false}},{"type":"Feature","geometry":{"type":"Point","coordinates":[2.319267,48.8734171]},"properties":{"icon":"p-delubac-asset-management","name":"DELUBAC ASSET MANAGEMENT","slug":"delubac-asset-management","cls":"neutral","country":"FR","tier":"register","kind":"organization","city":"Paris","aumM":null,"sort":-7000,"prec":"rooftop","mock":false}},{"type":"Feature","geometry":{"type":"Point","coordinates":[2.312159,48.8448565]},"properties":{"icon":"p-homa-capital","name":"HOMA CAPITAL","slug":"homa-capital","cls":"neutral","country":"FR","tier":"register","kind":"organization","city":"Paris","aumM":null,"sort":-7000,"prec":"rooftop","mock":false}},{"type":"Feature","geometry":{"type":"Point","coordinates":[2.3105188,48.8740172]},"properties":{"icon":"p-white-star-capital-france-sas","name":"WHITE STAR CAPITAL FRANCE SAS","slug":"white-star-capital-france-sas","cls":"neutral","country":"FR","tier":"register","kind":"organization","city":"Paris","aumM":null,"sort":-7000,"prec":"rooftop","mock":false}},{"type":"Feature","geometry":{"type":"Point","coordinates":[2.3341469,48.8658714]},"properties":{"icon":"p-parquest-capital","name":"PARQUEST CAPITAL","slug":"parquest-capital","cls":"neutral","country":"FR","tier":"register","kind":"organization","city":"Paris","aumM":null,"sort":-7000,"prec":"rooftop","mock":false}},{"type":"Feature","geometry":{"type":"Point","coordinates":[2.3303318,48.8685535]},"properties":{"icon":"p-greenman-arth","name":"GREENMAN ARTH","slug":"greenman-arth","cls":"neutral","country":"FR","tier":"register","kind":"organization","city":"Paris","aumM":null,"sort":-7000,"prec":"rooftop","mock":false}},{"type":"Feature","geometry":{"type":"Point","coordinates":[-0.1277653,51.5074456]},"properties":{"icon":"p-european-bank-for-reconstruction-and-development","name":"European Bank for Reconstruction and Development","slug":"european-bank-for-reconstruction-and-development","cls":"neutral","country":"GB","tier":"monitored","kind":"organization","city":"London","aumM":null,"sort":-14500,"prec":"city","mock":false}},{"type":"Feature","geometry":{"type":"Point","coordinates":[-0.0872808,51.5160723]},"properties":{"icon":"p-blackrock-fund-managers-limited","name":"BLACKROCK FUND MANAGERS LIMITED","slug":"blackrock-fund-managers-limited","cls":"neutral","country":"GB","tier":"register","kind":"organization","city":"London","aumM":null,"sort":-1750,"prec":"rooftop","mock":false}},{"type":"Feature","geometry":{"type":"Point","coordinates":[-0.0911088,51.5178324]},"properties":{"icon":"p-schroder-unit-trusts-limited","name":"SCHRODER UNIT TRUSTS LIMITED","slug":"schroder-unit-trusts-limited","cls":"neutral","country":"GB","tier":"register","kind":"organization","city":"London","aumM":null,"sort":-1300,"prec":"rooftop","mock":false}},{"type":"Feature","geometry":{"type":"Point","coordinates":[-0.0872808,51.5160723]},"properties":{"icon":"p-blackrock-investment-management-uk-limited","name":"BLACKROCK INVESTMENT MANAGEMENT (UK) LIMITED","slug":"blackrock-investment-management-uk-limited","cls":"neutral","country":"GB","tier":"register","kind":"organization","city":"London","aumM":null,"sort":-800,"prec":"rooftop","mock":false}},{"type":"Feature","geometry":{"type":"Point","coordinates":[-0.0139051,51.5037693]},"properties":{"icon":"p-state-street-unit-trust-management-limited","name":"STATE STREET UNIT TRUST MANAGEMENT LIMITED","slug":"state-street-unit-trust-management-limited","cls":"neutral","country":"GB","tier":"register","kind":"organization","city":"London","aumM":null,"sort":-700,"prec":"rooftop","mock":false}},{"type":"Feature","geometry":{"type":"Point","coordinates":[-0.0897262,51.5091555]},"properties":{"icon":"p-ccla-fund-managers-limited","name":"CCLA FUND MANAGERS LIMITED","slug":"ccla-fund-managers-limited","cls":"neutral","country":"GB","tier":"register","kind":"organization","city":"London","aumM":null,"sort":-400,"prec":"rooftop","mock":false}},{"type":"Feature","geometry":{"type":"Point","coordinates":[-0.0829731,51.5144777]},"properties":{"icon":"p-axa-investment-managers-uk-limited","name":"AXA INVESTMENT MANAGERS UK LIMITED","slug":"axa-investment-managers-uk-limited","cls":"neutral","country":"GB","tier":"register","kind":"organization","city":"London","aumM":null,"sort":-400,"prec":"rooftop","mock":false}},{"type":"Feature","geometry":{"type":"Point","coordinates":[-0.0872808,51.5160723]},"properties":{"icon":"p-blackrock-advisors-uk-limited","name":"BLACKROCK ADVISORS (UK) LIMITED","slug":"blackrock-advisors-uk-limited","cls":"neutral","country":"GB","tier":"register","kind":"organization","city":"London","aumM":null,"sort":-250,"prec":"rooftop","mock":false}},{"type":"Feature","geometry":{"type":"Point","coordinates":[-0.0794711,51.5203041]},"properties":{"icon":"p-allianz-global-investors-uk-limited","name":"ALLIANZ GLOBAL INVESTORS UK LIMITED","slug":"allianz-global-investors-uk-limited","cls":"neutral","country":"GB","tier":"register","kind":"organization","city":"London","aumM":null,"sort":-200,"prec":"rooftop","mock":false}},{"type":"Feature","geometry":{"type":"Point","coordinates":[-0.0792583,51.5210268]},"properties":{"icon":"p-janus-henderson-fund-management-uk-limited","name":"JANUS HENDERSON FUND MANAGEMENT UK LIMITED","slug":"janus-henderson-fund-management-uk-limited","cls":"neutral","country":"GB","tier":"register","kind":"organization","city":"London","aumM":null,"sort":-150,"prec":"rooftop","mock":false}},{"type":"Feature","geometry":{"type":"Point","coordinates":[-0.0911088,51.5178324]},"properties":{"icon":"p-future-growth-capital-limited","name":"FUTURE GROWTH CAPITAL LIMITED","slug":"future-growth-capital-limited","cls":"neutral","country":"GB","tier":"register","kind":"organization","city":"London","aumM":null,"sort":-150,"prec":"rooftop","mock":false}},{"type":"Feature","geometry":{"type":"Point","coordinates":[-0.0812562,51.5155975]},"properties":{"icon":"p-jefferies-credit-partners-europe-limited","name":"JEFFERIES CREDIT PARTNERS EUROPE LIMITED","slug":"jefferies-credit-partners-europe-limited","cls":"neutral","country":"GB","tier":"register","kind":"organization","city":"London","aumM":null,"sort":-150,"prec":"rooftop","mock":false}},{"type":"Feature","geometry":{"type":"Point","coordinates":[-0.1758301,51.5165273]},"properties":{"icon":"p-capital-group-uk-management-company-limited","name":"CAPITAL GROUP UK MANAGEMENT COMPANY LIMITED","slug":"capital-group-uk-management-company-limited","cls":"neutral","country":"GB","tier":"register","kind":"organization","city":"London","aumM":null,"sort":-100,"prec":"rooftop","mock":false}},{"type":"Feature","geometry":{"type":"Point","coordinates":[-0.095489,51.5163831]},"properties":{"icon":"p-scottish-widows-unit-trust-managers-limited","name":"SCOTTISH WIDOWS UNIT TRUST MANAGERS LIMITED","slug":"scottish-widows-unit-trust-managers-limited","cls":"neutral","country":"GB","tier":"register","kind":"organization","city":"London","aumM":null,"sort":-50,"prec":"rooftop","mock":false}},{"type":"Feature","geometry":{"type":"Point","coordinates":[-0.0139051,51.5037693]},"properties":{"icon":"p-state-street-aut-global-index-equity-fund","name":"State Street AUT Global Index Equity Fund","slug":"state-street-aut-global-index-equity-fund","cls":"neutral","country":"GB","tier":"register","kind":"organization","city":"London","aumM":null,"sort":-50,"prec":"rooftop","mock":false}},{"type":"Feature","geometry":{"type":"Point","coordinates":[-0.1210371,51.5104021]},"properties":{"icon":"p-liontrust-fund-partners-llp","name":"LIONTRUST FUND PARTNERS LLP","slug":"liontrust-fund-partners-llp","cls":"neutral","country":"GB","tier":"register","kind":"organization","city":"London","aumM":null,"sort":-50,"prec":"rooftop","mock":false}},{"type":"Feature","geometry":{"type":"Point","coordinates":[-0.0858191,51.5097312]},"properties":{"icon":"p-edentree-investment-management-limited","name":"EDENTREE INVESTMENT MANAGEMENT LIMITED","slug":"edentree-investment-management-limited","cls":"neutral","country":"GB","tier":"register","kind":"organization","city":"London","aumM":null,"sort":-50,"prec":"rooftop","mock":false}},{"type":"Feature","geometry":{"type":"Point","coordinates":[-0.0139051,51.5037693]},"properties":{"icon":"p-state-street-aut-world-small-cap-index-equity-fund","name":"State Street AUT World Small Cap Index Equity Fund","slug":"state-street-aut-world-small-cap-index-equity-fund","cls":"neutral","country":"GB","tier":"register","kind":"organization","city":"London","aumM":null,"sort":-50,"prec":"rooftop","mock":false}},{"type":"Feature","geometry":{"type":"Point","coordinates":[-0.0139051,51.5037693]},"properties":{"icon":"p-state-street-aut-emerging-markets-index-equity-fund","name":"State Street AUT Emerging Markets Index Equity Fund","slug":"state-street-aut-emerging-markets-index-equity-fund","cls":"neutral","country":"GB","tier":"register","kind":"organization","city":"London","aumM":null,"sort":-50,"prec":"rooftop","mock":false}},{"type":"Feature","geometry":{"type":"Point","coordinates":[-0.0873327,51.5153353]},"properties":{"icon":"p-seven-investment-management-llp","name":"SEVEN INVESTMENT MANAGEMENT LLP","slug":"seven-investment-management-llp","cls":"neutral","country":"GB","tier":"register","kind":"organization","city":"London","aumM":null,"sort":-50,"prec":"rooftop","mock":false}},{"type":"Feature","geometry":{"type":"Point","coordinates":[-0.0812562,51.5155975]},"properties":{"icon":"p-bluebay-asset-management-llp","name":"BLUEBAY ASSET MANAGEMENT LLP","slug":"bluebay-asset-management-llp","cls":"neutral","country":"GB","tier":"register","kind":"organization","city":"London","aumM":null,"sort":-50,"prec":"rooftop","mock":false}},{"type":"Feature","geometry":{"type":"Point","coordinates":[-0.0208622,51.502849]},"properties":{"icon":"p-jp-morgan-limited","name":"J.P. MORGAN LIMITED","slug":"jp-morgan-limited","cls":"neutral","country":"GB","tier":"register","kind":"organization","city":"London","aumM":null,"sort":-50,"prec":"rooftop","mock":false}},{"type":"Feature","geometry":{"type":"Point","coordinates":[-0.0897262,51.5091555]},"properties":{"icon":"p-ccla-investment-management-limited","name":"CCLA INVESTMENT MANAGEMENT LIMITED","slug":"ccla-investment-management-limited","cls":"neutral","country":"GB","tier":"register","kind":"organization","city":"London","aumM":null,"sort":-50,"prec":"rooftop","mock":false}},{"type":"Feature","geometry":{"type":"Point","coordinates":[-0.0139051,51.5037693]},"properties":{"icon":"p-state-street-aut-global-high-yield-bond-index-fund","name":"State Street AUT Global High Yield Bond Index Fund","slug":"state-street-aut-global-high-yield-bond-index-fund","cls":"neutral","country":"GB","tier":"register","kind":"organization","city":"London","aumM":null,"sort":-50,"prec":"rooftop","mock":false}},{"type":"Feature","geometry":{"type":"Point","coordinates":[-0.0139051,51.5037693]},"properties":{"icon":"p-state-street-aut-global-treasury-1-5-year-bond-index-fund","name":"State Street AUT Global Treasury 1-5 Year Bond Index Fund","slug":"state-street-aut-global-treasury-1-5-year-bond-index-fund","cls":"neutral","country":"GB","tier":"register","kind":"organization","city":"London","aumM":null,"sort":-50,"prec":"rooftop","mock":false}},{"type":"Feature","geometry":{"type":"Point","coordinates":[-0.0139051,51.5037693]},"properties":{"icon":"p-state-street-aut-north-america-a-index-equity-fund","name":"State Street AUT North America A Index Equity Fund","slug":"state-street-aut-north-america-a-index-equity-fund","cls":"neutral","country":"GB","tier":"register","kind":"organization","city":"London","aumM":null,"sort":-50,"prec":"rooftop","mock":false}},{"type":"Feature","geometry":{"type":"Point","coordinates":[-0.0139051,51.5037693]},"properties":{"icon":"p-state-street-aut-5-15-year-global-credit-index-fund","name":"State Street AUT 5-15 Year Global Credit Index Fund","slug":"state-street-aut-5-15-year-global-credit-index-fund","cls":"neutral","country":"GB","tier":"register","kind":"organization","city":"London","aumM":null,"sort":-50,"prec":"rooftop","mock":false}},{"type":"Feature","geometry":{"type":"Point","coordinates":[-0.0139051,51.5037693]},"properties":{"icon":"p-state-street-aut-1-10-year-us-tips-index-fund","name":"State Street AUT 1-10 Year U.S. TIPS Index Fund","slug":"state-street-aut-1-10-year-us-tips-index-fund","cls":"neutral","country":"GB","tier":"register","kind":"organization","city":"London","aumM":null,"sort":-50,"prec":"rooftop","mock":false}},{"type":"Feature","geometry":{"type":"Point","coordinates":[-0.1437184,51.5088161]},"properties":{"icon":"p-arda-capital-limited","name":"ARDA CAPITAL LIMITED","slug":"arda-capital-limited","cls":"neutral","country":"GB","tier":"register","kind":"organization","city":"London","aumM":null,"sort":-50,"prec":"rooftop","mock":false}},{"type":"Feature","geometry":{"type":"Point","coordinates":[-0.0139051,51.5037693]},"properties":{"icon":"p-state-street-aut-north-america-b-index-equity-fund","name":"State Street AUT North America B Index Equity Fund","slug":"state-street-aut-north-america-b-index-equity-fund","cls":"neutral","country":"GB","tier":"register","kind":"organization","city":"London","aumM":null,"sort":-50,"prec":"rooftop","mock":false}},{"type":"Feature","geometry":{"type":"Point","coordinates":[9.1963135,45.4852352]},"properties":{"icon":"p-eurizon-soluzione-top-trend-protetta-5-anni-edizione-4-2026","name":"Eurizon Soluzione Top Trend Protetta 5 anni - Edizione 4-2026","slug":"eurizon-soluzione-top-trend-protetta-5-anni-edizione-4-2026","cls":"neutral","country":"IT","tier":"register","kind":"organization","city":"Milan","aumM":null,"sort":-50,"prec":"rooftop","mock":false}},{"type":"Feature","geometry":{"type":"Point","coordinates":[9.1963135,45.4852352]},"properties":{"icon":"p-eurizon-bilanciato-25-edizione-6","name":"Eurizon Bilanciato 25 - Edizione 6","slug":"eurizon-bilanciato-25-edizione-6","cls":"neutral","country":"IT","tier":"register","kind":"organization","city":"Milan","aumM":null,"sort":-50,"prec":"rooftop","mock":false}},{"type":"Feature","geometry":{"type":"Point","coordinates":[9.1963135,45.4852352]},"properties":{"icon":"p-eurizon-opportunit-obbligazionaria-plus-giugno-2029","name":"EURIZON OPPORTUNITÀ OBBLIGAZIONARIA PLUS GIUGNO 2029","slug":"eurizon-opportunit-obbligazionaria-plus-giugno-2029","cls":"neutral","country":"IT","tier":"register","kind":"organization","city":"Milan","aumM":null,"sort":-50,"prec":"rooftop","mock":false}},{"type":"Feature","geometry":{"type":"Point","coordinates":[9.1963135,45.4852352]},"properties":{"icon":"p-eurizon-step-active-trend-25-edizione-1-2026","name":"Eurizon Step Active Trend 25 - Edizione 1-2026","slug":"eurizon-step-active-trend-25-edizione-1-2026","cls":"neutral","country":"IT","tier":"register","kind":"organization","city":"Milan","aumM":null,"sort":-50,"prec":"rooftop","mock":false}},{"type":"Feature","geometry":{"type":"Point","coordinates":[9.1963135,45.4852352]},"properties":{"icon":"p-eurizon-opportunity-bond","name":"Eurizon Opportunity Bond","slug":"eurizon-opportunity-bond","cls":"neutral","country":"IT","tier":"register","kind":"organization","city":"Milan","aumM":null,"sort":-50,"prec":"rooftop","mock":false}},{"type":"Feature","geometry":{"type":"Point","coordinates":[9.1963135,45.4852352]},"properties":{"icon":"p-eurizon-market-selection-75","name":"Eurizon Market Selection 75","slug":"eurizon-market-selection-75","cls":"neutral","country":"IT","tier":"register","kind":"organization","city":"Milan","aumM":null,"sort":-50,"prec":"rooftop","mock":false}},{"type":"Feature","geometry":{"type":"Point","coordinates":[9.1963135,45.4852352]},"properties":{"icon":"p-eurizon-step-to-emerging-markets-top-brands-edizione-2","name":"Eurizon Step to Emerging Markets Top Brands - Edizione 2","slug":"eurizon-step-to-emerging-markets-top-brands-edizione-2","cls":"neutral","country":"IT","tier":"register","kind":"organization","city":"Milan","aumM":null,"sort":-50,"prec":"rooftop","mock":false}},{"type":"Feature","geometry":{"type":"Point","coordinates":[9.1963135,45.4852352]},"properties":{"icon":"p-eurizon-step-active-trend-25-edizione-3-2026","name":"Eurizon Step Active Trend 25 - Edizione 3- 2026","slug":"eurizon-step-active-trend-25-edizione-3-2026","cls":"neutral","country":"IT","tier":"register","kind":"organization","city":"Milan","aumM":null,"sort":-50,"prec":"rooftop","mock":false}},{"type":"Feature","geometry":{"type":"Point","coordinates":[9.1963135,45.4852352]},"properties":{"icon":"p-eurizon-strategia-obbligazionaria-3-anni-edizione-1-2026","name":"Eurizon Strategia Obbligazionaria 3 anni - Edizione 1-2026","slug":"eurizon-strategia-obbligazionaria-3-anni-edizione-1-2026","cls":"neutral","country":"IT","tier":"register","kind":"organization","city":"Milan","aumM":null,"sort":-50,"prec":"rooftop","mock":false}},{"type":"Feature","geometry":{"type":"Point","coordinates":[9.1963135,45.4852352]},"properties":{"icon":"p-eurizon-bilanciato-75-edizione-1","name":"Eurizon Bilanciato 75 - Edizione 1","slug":"eurizon-bilanciato-75-edizione-1","cls":"neutral","country":"IT","tier":"register","kind":"organization","city":"Milan","aumM":null,"sort":-50,"prec":"rooftop","mock":false}},{"type":"Feature","geometry":{"type":"Point","coordinates":[9.1963135,45.4852352]},"properties":{"icon":"p-eurizon-strategia-credito-3-anni-edizione-3-2025","name":"Eurizon Strategia Credito 3 anni - Edizione 3-2025","slug":"eurizon-strategia-credito-3-anni-edizione-3-2025","cls":"neutral","country":"IT","tier":"register","kind":"organization","city":"Milan","aumM":null,"sort":-50,"prec":"rooftop","mock":false}},{"type":"Feature","geometry":{"type":"Point","coordinates":[9.1963135,45.4852352]},"properties":{"icon":"p-eurizon-bilanciato-50-edizione-6","name":"Eurizon Bilanciato 50 - Edizione 6","slug":"eurizon-bilanciato-50-edizione-6","cls":"neutral","country":"IT","tier":"register","kind":"organization","city":"Milan","aumM":null,"sort":-50,"prec":"rooftop","mock":false}},{"type":"Feature","geometry":{"type":"Point","coordinates":[9.1963135,45.4852352]},"properties":{"icon":"p-eurizon-strategia-credito-3-anni-edizione-2-2025","name":"Eurizon Strategia Credito 3 anni - Edizione 2-2025","slug":"eurizon-strategia-credito-3-anni-edizione-2-2025","cls":"neutral","country":"IT","tier":"register","kind":"organization","city":"Milan","aumM":null,"sort":-50,"prec":"rooftop","mock":false}},{"type":"Feature","geometry":{"type":"Point","coordinates":[9.1963135,45.4852352]},"properties":{"icon":"p-eurizon-credit-opportunities","name":"Eurizon Credit Opportunities","slug":"eurizon-credit-opportunities","cls":"neutral","country":"IT","tier":"register","kind":"organization","city":"Milan","aumM":null,"sort":-50,"prec":"rooftop","mock":false}},{"type":"Feature","geometry":{"type":"Point","coordinates":[9.1963135,45.4852352]},"properties":{"icon":"p-epsilon-progressione-20-protetto-edizione-6","name":"Epsilon Progressione 20 Protetto - Edizione 6","slug":"epsilon-progressione-20-protetto-edizione-6","cls":"neutral","country":"IT","tier":"register","kind":"organization","city":"Milan","aumM":null,"sort":-50,"prec":"rooftop","mock":false}},{"type":"Feature","geometry":{"type":"Point","coordinates":[9.1963135,45.4852352]},"properties":{"icon":"p-eurizon-pir-obbligazionario-edizione-1-2026","name":"Eurizon PIR Obbligazionario - Edizione 1-2026","slug":"eurizon-pir-obbligazionario-edizione-1-2026","cls":"neutral","country":"IT","tier":"register","kind":"organization","city":"Milan","aumM":null,"sort":-50,"prec":"rooftop","mock":false}},{"type":"Feature","geometry":{"type":"Point","coordinates":[9.1963135,45.4852352]},"properties":{"icon":"p-eurizon-bilanciato-75-edizione-3","name":"Eurizon Bilanciato 75 - Edizione 3","slug":"eurizon-bilanciato-75-edizione-3","cls":"neutral","country":"IT","tier":"register","kind":"organization","city":"Milan","aumM":null,"sort":-50,"prec":"rooftop","mock":false}},{"type":"Feature","geometry":{"type":"Point","coordinates":[9.1963135,45.4852352]},"properties":{"icon":"p-eurizon-soluzione-protetta-riserva-edizione-2-2026","name":"Eurizon Soluzione Protetta Riserva - Edizione 2-2026","slug":"eurizon-soluzione-protetta-riserva-edizione-2-2026","cls":"neutral","country":"IT","tier":"register","kind":"organization","city":"Milan","aumM":null,"sort":-50,"prec":"rooftop","mock":false}},{"type":"Feature","geometry":{"type":"Point","coordinates":[9.1963135,45.4852352]},"properties":{"icon":"p-eurizon-strategia-obbligazionaria-5-anni-edizione-2-2026","name":"Eurizon Strategia Obbligazionaria 5 anni - Edizione 2-2026","slug":"eurizon-strategia-obbligazionaria-5-anni-edizione-2-2026","cls":"neutral","country":"IT","tier":"register","kind":"organization","city":"Milan","aumM":null,"sort":-50,"prec":"rooftop","mock":false}},{"type":"Feature","geometry":{"type":"Point","coordinates":[9.1963135,45.4852352]},"properties":{"icon":"p-eurizon-progressione-50-edizione-2","name":"Eurizon Progressione 50 - Edizione 2","slug":"eurizon-progressione-50-edizione-2","cls":"neutral","country":"IT","tier":"register","kind":"organization","city":"Milan","aumM":null,"sort":-50,"prec":"rooftop","mock":false}},{"type":"Feature","geometry":{"type":"Point","coordinates":[9.1963135,45.4852352]},"properties":{"icon":"p-epsilon-orizzonte-protetto-5-anni-edizione-3","name":"Epsilon Orizzonte Protetto 5 Anni - Edizione 3","slug":"epsilon-orizzonte-protetto-5-anni-edizione-3","cls":"neutral","country":"IT","tier":"register","kind":"organization","city":"Milan","aumM":null,"sort":-50,"prec":"rooftop","mock":false}},{"type":"Feature","geometry":{"type":"Point","coordinates":[9.1963135,45.4852352]},"properties":{"icon":"p-eurizon-bilanciato-50-edizione-5","name":"Eurizon Bilanciato 50 - Edizione 5","slug":"eurizon-bilanciato-50-edizione-5","cls":"neutral","country":"IT","tier":"register","kind":"organization","city":"Milan","aumM":null,"sort":-50,"prec":"rooftop","mock":false}},{"type":"Feature","geometry":{"type":"Point","coordinates":[9.1963135,45.4852352]},"properties":{"icon":"p-eurizon-progressione-azionaria-25-edizione-3","name":"Eurizon Progressione Azionaria 25 - Edizione 3","slug":"eurizon-progressione-azionaria-25-edizione-3","cls":"neutral","country":"IT","tier":"register","kind":"organization","city":"Milan","aumM":null,"sort":-50,"prec":"rooftop","mock":false}},{"type":"Feature","geometry":{"type":"Point","coordinates":[9.1963135,45.4852352]},"properties":{"icon":"p-eurizon-soluzione-protetta-3-anni-edizione-1-2025","name":"Eurizon Soluzione Protetta 3 anni - Edizione 1-2025","slug":"eurizon-soluzione-protetta-3-anni-edizione-1-2025","cls":"neutral","country":"IT","tier":"register","kind":"organization","city":"Milan","aumM":null,"sort":-50,"prec":"rooftop","mock":false}},{"type":"Feature","geometry":{"type":"Point","coordinates":[9.1963135,45.4852352]},"properties":{"icon":"p-eurizon-soluzione-top-trend-protetta-5-anni-edizione-2-2026","name":"Eurizon Soluzione Top Trend Protetta 5 anni - Edizione 2-2026","slug":"eurizon-soluzione-top-trend-protetta-5-anni-edizione-2-2026","cls":"neutral","country":"IT","tier":"register","kind":"organization","city":"Milan","aumM":null,"sort":-50,"prec":"rooftop","mock":false}},{"type":"Feature","geometry":{"type":"Point","coordinates":[9.1963135,45.4852352]},"properties":{"icon":"p-eurizon-step-active-trend-50-edizione-3-2026","name":"Eurizon Step Active Trend 50 - Edizione 3- 2026","slug":"eurizon-step-active-trend-50-edizione-3-2026","cls":"neutral","country":"IT","tier":"register","kind":"organization","city":"Milan","aumM":null,"sort":-50,"prec":"rooftop","mock":false}},{"type":"Feature","geometry":{"type":"Point","coordinates":[9.1963135,45.4852352]},"properties":{"icon":"p-eurizon-opportunit-obbligazionaria-plus-marzo-2030","name":"Eurizon Opportunità Obbligazionaria Plus Marzo 2030","slug":"eurizon-opportunit-obbligazionaria-plus-marzo-2030","cls":"neutral","country":"IT","tier":"register","kind":"organization","city":"Milan","aumM":null,"sort":-50,"prec":"rooftop","mock":false}},{"type":"Feature","geometry":{"type":"Point","coordinates":[9.1963135,45.4852352]},"properties":{"icon":"p-eurizon-valore-obbligazionario-3-anni-edizione-5","name":"Eurizon Valore Obbligazionario 3 anni - Edizione 5","slug":"eurizon-valore-obbligazionario-3-anni-edizione-5","cls":"neutral","country":"IT","tier":"register","kind":"organization","city":"Milan","aumM":null,"sort":-50,"prec":"rooftop","mock":false}},{"type":"Feature","geometry":{"type":"Point","coordinates":[9.1963135,45.4852352]},"properties":{"icon":"p-eurizon-strategia-obbligazionaria-5-anni-edizione-4-2026","name":"Eurizon Strategia Obbligazionaria 5 anni - Edizione 4-2026","slug":"eurizon-strategia-obbligazionaria-5-anni-edizione-4-2026","cls":"neutral","country":"IT","tier":"register","kind":"organization","city":"Milan","aumM":null,"sort":-50,"prec":"rooftop","mock":false}},{"type":"Feature","geometry":{"type":"Point","coordinates":[9.1963135,45.4852352]},"properties":{"icon":"p-eurizon-strategia-obbligazionaria-high-yield-5-anni-edizione-1-2025","name":"Eurizon Strategia Obbligazionaria High Yield 5 anni - Edizione 1-2025","slug":"eurizon-strategia-obbligazionaria-high-yield-5-anni-edizione-1-2025","cls":"neutral","country":"IT","tier":"register","kind":"organization","city":"Milan","aumM":null,"sort":-50,"prec":"rooftop","mock":false}},{"type":"Feature","geometry":{"type":"Point","coordinates":[-3.703507,40.416782]},"properties":{"icon":"p-andbank-wealth-management-sgiic-sa","name":"ANDBANK WEALTH MANAGEMENT, S.G.I.I.C., S.A.","slug":"andbank-wealth-management-sgiic-sa","cls":"neutral","country":"ES","tier":"register","kind":"organization","city":"Madrid","aumM":null,"sort":-1500,"prec":"city","mock":false}},{"type":"Feature","geometry":{"type":"Point","coordinates":[-3.703507,40.416782]},"properties":{"icon":"p-bewater-asset-management-sociedad-de-gestion-de-entidades-de-inversion-colectiva-de-tipo-cerrrado-sa","name":"BEWATER ASSET MANAGEMENT SOCIEDAD DE GESTION DE ENTIDADES DE INVERSION COLECTIVA DE TIPO CERRRADO SA","slug":"bewater-asset-management-sociedad-de-gestion-de-entidades-de-inversion-colectiva-de-tipo-cerrrado-sa","cls":"neutral","country":"ES","tier":"register","kind":"organization","city":"Madrid","aumM":null,"sort":-1200,"prec":"city","mock":false}},{"type":"Feature","geometry":{"type":"Point","coordinates":[-3.703507,40.416782]},"properties":{"icon":"p-renta-4-gestora-sgiic-sa","name":"RENTA 4 GESTORA SGIIC SA","slug":"renta-4-gestora-sgiic-sa","cls":"neutral","country":"ES","tier":"register","kind":"organization","city":"Madrid","aumM":null,"sort":-850,"prec":"city","mock":false}},{"type":"Feature","geometry":{"type":"Point","coordinates":[-3.703507,40.416782]},"properties":{"icon":"p-gesalcala-sgiic-sa","name":"GESALCALA, SGIIC SA","slug":"gesalcala-sgiic-sa","cls":"neutral","country":"ES","tier":"register","kind":"organization","city":"Madrid","aumM":null,"sort":-700,"prec":"city","mock":false}},{"type":"Feature","geometry":{"type":"Point","coordinates":[-3.703507,40.416782]},"properties":{"icon":"p-altamar-private-equity-sgiic-sa","name":"ALTAMAR PRIVATE EQUITY SGIIC SA","slug":"altamar-private-equity-sgiic-sa","cls":"neutral","country":"ES","tier":"register","kind":"organization","city":"Madrid","aumM":null,"sort":-700,"prec":"city","mock":false}},{"type":"Feature","geometry":{"type":"Point","coordinates":[-3.703507,40.416782]},"properties":{"icon":"p-titulizacion-de-activos-sociedad-gestora-de-fondos-de-titulizacion-sa","name":"TITULIZACION DE ACTIVOS SOCIEDAD GESTORA DE FONDOS DE TITULIZACION SA","slug":"titulizacion-de-activos-sociedad-gestora-de-fondos-de-titulizacion-sa","cls":"neutral","country":"ES","tier":"register","kind":"organization","city":"Madrid","aumM":null,"sort":-650,"prec":"city","mock":false}},{"type":"Feature","geometry":{"type":"Point","coordinates":[-3.703507,40.416782]},"properties":{"icon":"p-europea-de-titulizacion-sociedad-anonima-sociedad-gestora-de-fondos-de-titulizacion","name":"EUROPEA DE TITULIZACION, SOCIEDAD ANONIMA SOCIEDAD GESTORA DE FONDOS DE TITULIZACION","slug":"europea-de-titulizacion-sociedad-anonima-sociedad-gestora-de-fondos-de-titulizacion","cls":"neutral","country":"ES","tier":"register","kind":"organization","city":"Madrid","aumM":null,"sort":-600,"prec":"city","mock":false}},{"type":"Feature","geometry":{"type":"Point","coordinates":[-3.703507,40.416782]},"properties":{"icon":"p-alaluz-capital-sgiic-sa","name":"ALALUZ CAPITAL, SGIIC, SA","slug":"alaluz-capital-sgiic-sa","cls":"neutral","country":"ES","tier":"register","kind":"organization","city":"Madrid","aumM":null,"sort":-600,"prec":"city","mock":false}},{"type":"Feature","geometry":{"type":"Point","coordinates":[-3.703507,40.416782]},"properties":{"icon":"p-beka-titulizacion-sociedad-gestora-de-fondos-de-titulizacion-sa","name":"BEKA TITULIZACION SOCIEDAD GESTORA DE FONDOS DE TITULIZACION SA","slug":"beka-titulizacion-sociedad-gestora-de-fondos-de-titulizacion-sa","cls":"neutral","country":"ES","tier":"register","kind":"organization","city":"Madrid","aumM":null,"sort":-550,"prec":"city","mock":false}},{"type":"Feature","geometry":{"type":"Point","coordinates":[-3.703507,40.416782]},"properties":{"icon":"p-santander-de-titulizacion-sociedad-gestora-de-fondos-de-titulizacion-sa","name":"SANTANDER DE TITULIZACION SOCIEDAD GESTORA DE FONDOS DE TITULIZACION SA","slug":"santander-de-titulizacion-sociedad-gestora-de-fondos-de-titulizacion-sa","cls":"neutral","country":"ES","tier":"register","kind":"organization","city":"Madrid","aumM":null,"sort":-550,"prec":"city","mock":false}},{"type":"Feature","geometry":{"type":"Point","coordinates":[-3.703507,40.416782]},"properties":{"icon":"p-sabadell-asset-management-sa-sgiic","name":"SABADELL ASSET MANAGEMENT SA SGIIC","slug":"sabadell-asset-management-sa-sgiic","cls":"neutral","country":"ES","tier":"register","kind":"organization","city":"Madrid","aumM":null,"sort":-550,"prec":"city","mock":false}},{"type":"Feature","geometry":{"type":"Point","coordinates":[-3.703507,40.416782]},"properties":{"icon":"p-qualitas-equity-funds-sgeic-sa","name":"QUALITAS EQUITY FUNDS, S.G.E.I.C., S.A.","slug":"qualitas-equity-funds-sgeic-sa","cls":"neutral","country":"ES","tier":"register","kind":"organization","city":"Madrid","aumM":null,"sort":-500,"prec":"city","mock":false}},{"type":"Feature","geometry":{"type":"Point","coordinates":[-3.703507,40.416782]},"properties":{"icon":"p-intermoney-titulizacion-sgft-sa","name":"INTERMONEY TITULIZACION SGFT SA","slug":"intermoney-titulizacion-sgft-sa","cls":"neutral","country":"ES","tier":"register","kind":"organization","city":"Madrid","aumM":null,"sort":-500,"prec":"city","mock":false}},{"type":"Feature","geometry":{"type":"Point","coordinates":[-3.8723542,40.4728425]},"properties":{"icon":"p-mapfre-asset-management-sociedad-gestora-de-instituciones-de-inversion-colectiva-sa","name":"MAPFRE ASSET MANAGEMENT SOCIEDAD GESTORA DE INSTITUCIONES DE INVERSION COLECTIVA SA","slug":"mapfre-asset-management-sociedad-gestora-de-instituciones-de-inversion-colectiva-sa","cls":"neutral","country":"ES","tier":"register","kind":"organization","city":"Madrid","aumM":null,"sort":-400,"prec":"city","mock":false}},{"type":"Feature","geometry":{"type":"Point","coordinates":[-3.703507,40.416782]},"properties":{"icon":"p-actyus-private-equity-sgiic-sa","name":"ACTYUS PRIVATE EQUITY SGIIC, S.A.","slug":"actyus-private-equity-sgiic-sa","cls":"neutral","country":"ES","tier":"register","kind":"organization","city":"Madrid","aumM":null,"sort":-400,"prec":"city","mock":false}},{"type":"Feature","geometry":{"type":"Point","coordinates":[-3.703507,40.416782]},"properties":{"icon":"p-crescenta-investments-sgiic-sa","name":"CRESCENTA INVESTMENTS, SGIIC SA","slug":"crescenta-investments-sgiic-sa","cls":"neutral","country":"ES","tier":"register","kind":"organization","city":"Madrid","aumM":null,"sort":-400,"prec":"city","mock":false}},{"type":"Feature","geometry":{"type":"Point","coordinates":[-3.703507,40.416782]},"properties":{"icon":"p-renta-4-pensiones-sociedad-anonima-sociedad-gestora-fondos-de-pensiones","name":"RENTA 4 PENSIONES SOCIEDAD ANONIMA SOCIEDAD GESTORA FONDOS DE PENSIONES","slug":"renta-4-pensiones-sociedad-anonima-sociedad-gestora-fondos-de-pensiones","cls":"neutral","country":"ES","tier":"register","kind":"organization","city":"Madrid","aumM":null,"sort":-300,"prec":"city","mock":false}},{"type":"Feature","geometry":{"type":"Point","coordinates":[-3.703507,40.416782]},"properties":{"icon":"p-gescooperativo-sociedad-anonima-sociedad-gestora-de-instituciones-de-inversion-colectiva","name":"GESCOOPERATIVO SOCIEDAD ANONIMA SOCIEDAD GESTORA DE INSTITUCIONES DE INVERSION COLECTIVA","slug":"gescooperativo-sociedad-anonima-sociedad-gestora-de-instituciones-de-inversion-colectiva","cls":"neutral","country":"ES","tier":"register","kind":"organization","city":"Madrid","aumM":null,"sort":-300,"prec":"city","mock":false}},{"type":"Feature","geometry":{"type":"Point","coordinates":[-3.703507,40.416782]},"properties":{"icon":"p-impact-bridge-asset-management-sgiic-sa","name":"IMPACT BRIDGE ASSET MANAGEMENT SGIIC, S.A.","slug":"impact-bridge-asset-management-sgiic-sa","cls":"neutral","country":"ES","tier":"register","kind":"organization","city":"Madrid","aumM":null,"sort":-300,"prec":"city","mock":false}},{"type":"Feature","geometry":{"type":"Point","coordinates":[-3.703507,40.416782]},"properties":{"icon":"p-santander-alternative-investments-sgiic-sa","name":"SANTANDER ALTERNATIVE INVESTMENTS, SGIIC, S.A.","slug":"santander-alternative-investments-sgiic-sa","cls":"neutral","country":"ES","tier":"register","kind":"organization","city":"Madrid","aumM":null,"sort":-300,"prec":"city","mock":false}},{"type":"Feature","geometry":{"type":"Point","coordinates":[-3.703507,40.416782]},"properties":{"icon":"p-arcano-capital-sgiic-sa","name":"ARCANO CAPITAL SGIIC, SA","slug":"arcano-capital-sgiic-sa","cls":"neutral","country":"ES","tier":"register","kind":"organization","city":"Madrid","aumM":null,"sort":-300,"prec":"city","mock":false}},{"type":"Feature","geometry":{"type":"Point","coordinates":[-3.703507,40.416782]},"properties":{"icon":"p-amchor-investment-strategies-sgiic-sa","name":"AMCHOR INVESTMENT STRATEGIES SGIIC SA","slug":"amchor-investment-strategies-sgiic-sa","cls":"neutral","country":"ES","tier":"register","kind":"organization","city":"Madrid","aumM":null,"sort":-300,"prec":"city","mock":false}},{"type":"Feature","geometry":{"type":"Point","coordinates":[-3.6358494,40.5400082]},"properties":{"icon":"p-bankinter-gestion-de-activos-sa-sociedad-gestora-de-instituciones-de-inversion-colectiva","name":"BANKINTER GESTION DE ACTIVOS SA SOCIEDAD GESTORA DE INSTITUCIONES DE INVERSION COLECTIVA","slug":"bankinter-gestion-de-activos-sa-sociedad-gestora-de-instituciones-de-inversion-colectiva","cls":"neutral","country":"ES","tier":"register","kind":"organization","city":"Madrid","aumM":null,"sort":-250,"prec":"city","mock":false}},{"type":"Feature","geometry":{"type":"Point","coordinates":[-3.703507,40.416782]},"properties":{"icon":"p-guidebridge-sgeic-sa","name":"GUIDEBRIDGE SGEIC SA","slug":"guidebridge-sgeic-sa","cls":"neutral","country":"ES","tier":"register","kind":"organization","city":"Madrid","aumM":null,"sort":-200,"prec":"city","mock":false}},{"type":"Feature","geometry":{"type":"Point","coordinates":[-3.8723542,40.4728425]},"properties":{"icon":"p-mapfre-vida-pensiones-entidad-gestora-de-fondos-de-pensiones-sa","name":"MAPFRE VIDA PENSIONES ENTIDAD GESTORA DE FONDOS DE PENSIONES SA","slug":"mapfre-vida-pensiones-entidad-gestora-de-fondos-de-pensiones-sa","cls":"neutral","country":"ES","tier":"register","kind":"organization","city":"Madrid","aumM":null,"sort":-200,"prec":"city","mock":false}},{"type":"Feature","geometry":{"type":"Point","coordinates":[-3.703507,40.416782]},"properties":{"icon":"p-tressis-gestion-sgiic-sa","name":"TRESSIS GESTION S.G.I.I.C., S.A.","slug":"tressis-gestion-sgiic-sa","cls":"neutral","country":"ES","tier":"register","kind":"organization","city":"Madrid","aumM":null,"sort":-200,"prec":"city","mock":false}},{"type":"Feature","geometry":{"type":"Point","coordinates":[-3.703507,40.416782]},"properties":{"icon":"p-singular-asset-management-sgiic-sa","name":"SINGULAR ASSET MANAGEMENT, SGIIC, S.A.","slug":"singular-asset-management-sgiic-sa","cls":"neutral","country":"ES","tier":"register","kind":"organization","city":"Madrid","aumM":null,"sort":-200,"prec":"city","mock":false}},{"type":"Feature","geometry":{"type":"Point","coordinates":[-3.703507,40.416782]},"properties":{"icon":"p-kanoar-ventures-sgeic-sa","name":"KANOAR VENTURES SGEIC SA","slug":"kanoar-ventures-sgeic-sa","cls":"neutral","country":"ES","tier":"register","kind":"organization","city":"Madrid","aumM":null,"sort":-200,"prec":"city","mock":false}},{"type":"Feature","geometry":{"type":"Point","coordinates":[-3.703507,40.416782]},"properties":{"icon":"p-mch-private-equity-investments-sgeic-sa","name":"MCH PRIVATE EQUITY INVESTMENTS SGEIC SA","slug":"mch-private-equity-investments-sgeic-sa","cls":"neutral","country":"ES","tier":"register","kind":"organization","city":"Madrid","aumM":null,"sort":-200,"prec":"city","mock":false}},{"type":"Feature","geometry":{"type":"Point","coordinates":[-3.703507,40.416782]},"properties":{"icon":"p-solventis-sgiic-sa","name":"SOLVENTIS S.G.I.I.C., S.A.","slug":"solventis-sgiic-sa","cls":"neutral","country":"ES","tier":"register","kind":"organization","city":"Madrid","aumM":null,"sort":-150,"prec":"city","mock":false}},{"type":"Feature","geometry":{"type":"Point","coordinates":[18.0710935,59.3251172]},"properties":{"icon":"p-handelsbanken-fonder-aktiebolag","name":"Handelsbanken Fonder Aktiebolag","slug":"handelsbanken-fonder-aktiebolag","cls":"neutral","country":"SE","tier":"register","kind":"organization","city":"Stockholm","aumM":null,"sort":-2950,"prec":"city","mock":false}},{"type":"Feature","geometry":{"type":"Point","coordinates":[18.0710935,59.3251172]},"properties":{"icon":"p-fcg-fonder-ab","name":"FCG Fonder AB","slug":"fcg-fonder-ab","cls":"neutral","country":"SE","tier":"register","kind":"organization","city":"Stockholm","aumM":null,"sort":-2950,"prec":"city","mock":false}},{"type":"Feature","geometry":{"type":"Point","coordinates":[17.9681359,59.3628802]},"properties":{"icon":"p-swedbank-robur-fonder-ab","name":"Swedbank Robur Fonder AB","slug":"swedbank-robur-fonder-ab","cls":"neutral","country":"SE","tier":"register","kind":"organization","city":"Stockholm","aumM":null,"sort":-1500,"prec":"city","mock":false}},{"type":"Feature","geometry":{"type":"Point","coordinates":[18.0710935,59.3251172]},"properties":{"icon":"p-verdane-fund-manager-ab","name":"Verdane Fund Manager AB","slug":"verdane-fund-manager-ab","cls":"neutral","country":"SE","tier":"register","kind":"organization","city":"Stockholm","aumM":null,"sort":-1350,"prec":"city","mock":false}},{"type":"Feature","geometry":{"type":"Point","coordinates":[18.0710935,59.3251172]},"properties":{"icon":"p-avanza-fonder-ab","name":"Avanza Fonder AB","slug":"avanza-fonder-ab","cls":"neutral","country":"SE","tier":"register","kind":"organization","city":"Stockholm","aumM":null,"sort":-1150,"prec":"city","mock":false}},{"type":"Feature","geometry":{"type":"Point","coordinates":[18.0710935,59.3251172]},"properties":{"icon":"p-seb-funds-ab","name":"SEB Funds AB","slug":"seb-funds-ab","cls":"neutral","country":"SE","tier":"register","kind":"organization","city":"Stockholm","aumM":null,"sort":-1100,"prec":"city","mock":false}},{"type":"Feature","geometry":{"type":"Point","coordinates":[18.0710935,59.3251172]},"properties":{"icon":"p-lannebo-kapitalforvaltning-ab","name":"Lannebo Kapitalförvaltning AB","slug":"lannebo-kapitalforvaltning-ab","cls":"neutral","country":"SE","tier":"register","kind":"organization","city":"Stockholm","aumM":null,"sort":-1100,"prec":"city","mock":false}},{"type":"Feature","geometry":{"type":"Point","coordinates":[18.0710935,59.3251172]},"properties":{"icon":"p-carnegie-fonder-ab","name":"Carnegie Fonder AB","slug":"carnegie-fonder-ab","cls":"neutral","country":"SE","tier":"register","kind":"organization","city":"Stockholm","aumM":null,"sort":-1050,"prec":"city","mock":false}},{"type":"Feature","geometry":{"type":"Point","coordinates":[18.0710935,59.3251172]},"properties":{"icon":"p-isec-services-ab","name":"ISEC Services AB","slug":"isec-services-ab","cls":"neutral","country":"SE","tier":"register","kind":"organization","city":"Stockholm","aumM":null,"sort":-950,"prec":"city","mock":false}},{"type":"Feature","geometry":{"type":"Point","coordinates":[18.0710935,59.3251172]},"properties":{"icon":"p-nordnet-fonder-ab","name":"Nordnet Fonder AB","slug":"nordnet-fonder-ab","cls":"neutral","country":"SE","tier":"register","kind":"organization","city":"Stockholm","aumM":null,"sort":-700,"prec":"city","mock":false}},{"type":"Feature","geometry":{"type":"Point","coordinates":[18.0710935,59.3251172]},"properties":{"icon":"p-captor-fund-management-ab","name":"Captor Fund Management AB","slug":"captor-fund-management-ab","cls":"neutral","country":"SE","tier":"register","kind":"organization","city":"Stockholm","aumM":null,"sort":-500,"prec":"city","mock":false}},{"type":"Feature","geometry":{"type":"Point","coordinates":[18.0710935,59.3251172]},"properties":{"icon":"p-altor-fund-manager-ab","name":"Altor Fund Manager AB","slug":"altor-fund-manager-ab","cls":"neutral","country":"SE","tier":"register","kind":"organization","city":"Stockholm","aumM":null,"sort":-450,"prec":"city","mock":false}},{"type":"Feature","geometry":{"type":"Point","coordinates":[18.0710935,59.3251172]},"properties":{"icon":"p-lysa-fonder-ab","name":"Lysa Fonder AB","slug":"lysa-fonder-ab","cls":"neutral","country":"SE","tier":"register","kind":"organization","city":"Stockholm","aumM":null,"sort":-450,"prec":"city","mock":false}},{"type":"Feature","geometry":{"type":"Point","coordinates":[18.0710935,59.3251172]},"properties":{"icon":"p-cliens-kapitalforvaltning-ab","name":"Cliens Kapitalförvaltning AB","slug":"cliens-kapitalforvaltning-ab","cls":"neutral","country":"SE","tier":"register","kind":"organization","city":"Stockholm","aumM":null,"sort":-450,"prec":"city","mock":false}},{"type":"Feature","geometry":{"type":"Point","coordinates":[18.0710935,59.3251172]},"properties":{"icon":"p-lansforsakringar-fondforvaltning-aktiebolag","name":"Länsförsäkringar Fondförvaltning Aktiebolag","slug":"lansforsakringar-fondforvaltning-aktiebolag","cls":"neutral","country":"SE","tier":"register","kind":"organization","city":"Stockholm","aumM":null,"sort":-400,"prec":"city","mock":false}},{"type":"Feature","geometry":{"type":"Point","coordinates":[18.0710935,59.3251172]},"properties":{"icon":"p-cicero-fonder-ab","name":"Cicero Fonder AB","slug":"cicero-fonder-ab","cls":"neutral","country":"SE","tier":"register","kind":"organization","city":"Stockholm","aumM":null,"sort":-400,"prec":"city","mock":false}},{"type":"Feature","geometry":{"type":"Point","coordinates":[18.0710935,59.3251172]},"properties":{"icon":"p-spiltan-fonder-ab","name":"Spiltan Fonder AB","slug":"spiltan-fonder-ab","cls":"neutral","country":"SE","tier":"register","kind":"organization","city":"Stockholm","aumM":null,"sort":-400,"prec":"city","mock":false}},{"type":"Feature","geometry":{"type":"Point","coordinates":[18.0710935,59.3251172]},"properties":{"icon":"p-skandia-fonder-ab","name":"Skandia Fonder AB","slug":"skandia-fonder-ab","cls":"neutral","country":"SE","tier":"register","kind":"organization","city":"Stockholm","aumM":null,"sort":-400,"prec":"city","mock":false}},{"type":"Feature","geometry":{"type":"Point","coordinates":[18.0710935,59.3251172]},"properties":{"icon":"p-wahlstedt-partners-ab","name":"Wahlstedt & Partners AB","slug":"wahlstedt-partners-ab","cls":"neutral","country":"SE","tier":"register","kind":"organization","city":"Stockholm","aumM":null,"sort":-350,"prec":"city","mock":false}},{"type":"Feature","geometry":{"type":"Point","coordinates":[18.0710935,59.3251172]},"properties":{"icon":"p-finserve-nordic-ab","name":"Finserve Nordic AB","slug":"finserve-nordic-ab","cls":"neutral","country":"SE","tier":"register","kind":"organization","city":"Stockholm","aumM":null,"sort":-350,"prec":"city","mock":false}},{"type":"Feature","geometry":{"type":"Point","coordinates":[18.0710935,59.3251172]},"properties":{"icon":"p-monterro-fund-management-ab","name":"Monterro Fund Management AB","slug":"monterro-fund-management-ab","cls":"neutral","country":"SE","tier":"register","kind":"organization","city":"Stockholm","aumM":null,"sort":-300,"prec":"city","mock":false}},{"type":"Feature","geometry":{"type":"Point","coordinates":[18.0710935,59.3251172]},"properties":{"icon":"p-aktie-ansvar-aktiebolag","name":"Aktie-Ansvar Aktiebolag","slug":"aktie-ansvar-aktiebolag","cls":"neutral","country":"SE","tier":"register","kind":"organization","city":"Stockholm","aumM":null,"sort":-300,"prec":"city","mock":false}},{"type":"Feature","geometry":{"type":"Point","coordinates":[18.0710935,59.3251172]},"properties":{"icon":"p-coeli-asset-management-ab","name":"Coeli Asset Management AB","slug":"coeli-asset-management-ab","cls":"neutral","country":"SE","tier":"register","kind":"organization","city":"Stockholm","aumM":null,"sort":-300,"prec":"city","mock":false}},{"type":"Feature","geometry":{"type":"Point","coordinates":[18.0710935,59.3251172]},"properties":{"icon":"p-indecap-fonder-ab","name":"Indecap Fonder AB","slug":"indecap-fonder-ab","cls":"neutral","country":"SE","tier":"register","kind":"organization","city":"Stockholm","aumM":null,"sort":-300,"prec":"city","mock":false}},{"type":"Feature","geometry":{"type":"Point","coordinates":[18.0710935,59.3251172]},"properties":{"icon":"p-nordic-equities-kapitalforvaltning-aktiebolag","name":"Nordic Equities Kapitalförvaltning Aktiebolag","slug":"nordic-equities-kapitalforvaltning-aktiebolag","cls":"neutral","country":"SE","tier":"register","kind":"organization","city":"Stockholm","aumM":null,"sort":-250,"prec":"city","mock":false}},{"type":"Feature","geometry":{"type":"Point","coordinates":[18.0710935,59.3251172]},"properties":{"icon":"p-case-kapitalforvaltning-ab","name":"Case Kapitalförvaltning AB","slug":"case-kapitalforvaltning-ab","cls":"neutral","country":"SE","tier":"register","kind":"organization","city":"Stockholm","aumM":null,"sort":-250,"prec":"city","mock":false}},{"type":"Feature","geometry":{"type":"Point","coordinates":[18.0710935,59.3251172]},"properties":{"icon":"p-movestic-fonder-ab","name":"Movestic Fonder AB","slug":"movestic-fonder-ab","cls":"neutral","country":"SE","tier":"register","kind":"organization","city":"Stockholm","aumM":null,"sort":-250,"prec":"city","mock":false}},{"type":"Feature","geometry":{"type":"Point","coordinates":[18.0710935,59.3251172]},"properties":{"icon":"p-oberon-capital-management-ab","name":"Oberon Capital Management AB","slug":"oberon-capital-management-ab","cls":"neutral","country":"SE","tier":"register","kind":"organization","city":"Stockholm","aumM":null,"sort":-200,"prec":"city","mock":false}},{"type":"Feature","geometry":{"type":"Point","coordinates":[18.0710935,59.3251172]},"properties":{"icon":"p-centaur-fondforvaltning-ab","name":"Centaur Fondförvaltning AB","slug":"centaur-fondforvaltning-ab","cls":"neutral","country":"SE","tier":"register","kind":"organization","city":"Stockholm","aumM":null,"sort":-200,"prec":"city","mock":false}},{"type":"Feature","geometry":{"type":"Point","coordinates":[18.0710935,59.3251172]},"properties":{"icon":"p-alfa-kraft-fonder-ab","name":"Alfa Kraft Fonder AB","slug":"alfa-kraft-fonder-ab","cls":"neutral","country":"SE","tier":"register","kind":"organization","city":"Stockholm","aumM":null,"sort":-200,"prec":"city","mock":false}}]}